num_vuelo;dia_sem;destino;codigo;opera_desde;opera_hasta;hora_salida;aeronave;pais;origen;num_asientos;ocupacion;total_encuestas;consumo
  VLG3119;2022-03-08 00:00:00;ALICANTE-ELCHE MIGUEL HDEZ.;ALC;2022-03-01;2022-03-15;7:10;320;ESPANIA;TFN;180;144;87;00:43:30
  RYR3347;2022-03-10 00:00:00;ALICANTE-ELCHE MIGUEL HDEZ.;ALC;2021-11-04;2022-03-24;11:15;73H;ESPANIA;TFN;189;152;92;00:46:00
  RYR3347;2022-03-13 00:00:00;ALICANTE-ELCHE MIGUEL HDEZ.;ALC;2021-10-31;2022-03-20;17:35;73H;ESPANIA;TFN;189;152;92;00:46:00
  VLG3119;2022-03-10 00:00:00;ALICANTE-ELCHE MIGUEL HDEZ.;ALC;2022-02-03;2022-03-24;17:45;320;ESPANIA;TFN;180;144;87;00:43:30
  VLG3119;2022-03-12 00:00:00;ALICANTE-ELCHE MIGUEL HDEZ.;ALC;2022-02-26;2022-03-26;19:30;320;ESPANIA;TFN;180;144;87;00:43:30
  VLG3202;2022-03-07 00:00:00;ASTURIAS;OVD;2022-03-07;2022-03-21;7:10;320;ESPANIA;TFN;180;144;87;00:43:30
  VLG3202;2022-03-11 00:00:00;ASTURIAS;OVD;2022-03-04;2022-03-25;7:50;320;ESPANIA;TFN;180;144;87;00:43:30
  IBB5460;2022-03-08 00:00:00;ASTURIAS;OVD;2021-11-02;2022-03-22;8:15;295;ESPANIA;TFN;200;160;96;00:48:00
  IBB5460;2022-03-10 00:00:00;ASTURIAS;OVD;2022-01-06;2022-03-24;8:15;295;ESPANIA;TFN;200;160;96;00:48:00
  VLG3215;2022-03-11 00:00:00;BARCELONA-EL PRAT J.T.;BCN;2022-03-04;2022-03-25;7:00;320;ESPANIA;TFN;180;144;87;00:43:30
  RYR3064;2022-03-07 00:00:00;BARCELONA-EL PRAT J.T.;BCN;2021-11-01;2022-03-21;8:50;73H;ESPANIA;TFN;189;152;92;00:46:00
  RYR3064;2022-03-08 00:00:00;BARCELONA-EL PRAT J.T.;BCN;2022-02-01;2022-03-22;9:30;73H;ESPANIA;TFN;189;152;92;00:46:00
  RYR3064;2022-03-11 00:00:00;BARCELONA-EL PRAT J.T.;BCN;2021-11-05;2022-03-25;10:50;73H;ESPANIA;TFN;189;152;92;00:46:00
  VLG3217;2022-03-08 00:00:00;BARCELONA-EL PRAT J.T.;BCN;2022-02-01;2022-03-22;15:00;320;ESPANIA;TFN;180;144;87;00:43:30
  VLG3217;2022-03-11 00:00:00;BARCELONA-EL PRAT J.T.;BCN;2022-02-25;2022-03-25;15:00;320;ESPANIA;TFN;180;144;87;00:43:30
  RYR2213;2022-03-12 00:00:00;BARCELONA-EL PRAT J.T.;BCN;2022-02-05;2022-03-26;17:40;73H;ESPANIA;TFN;189;152;92;00:46:00
  RYR2213;2022-03-10 00:00:00;BARCELONA-EL PRAT J.T.;BCN;2022-02-03;2022-03-24;20:05;73H;ESPANIA;TFN;189;152;92;00:46:00
  RYR2213;2022-03-08 00:00:00;BARCELONA-EL PRAT J.T.;BCN;2021-11-02;2022-03-22;20:10;73H;ESPANIA;TFN;189;152;92;00:46:00
  VLG3213;2022-03-11 00:00:00;BARCELONA-EL PRAT J.T.;BCN;2022-02-18;2022-03-25;20:45;320;ESPANIA;TFN;180;144;87;00:43:30
  AEA7007;2022-03-13 00:00:00;BILBAO;BIO;2022-03-06;2022-03-20;7:10;73H;ESPANIA;TFN;189;152;92;00:46:00
  VLG3261;2022-03-08 00:00:00;BILBAO;BIO;2022-02-01;2022-03-22;9:55;320;ESPANIA;TFN;180;144;87;00:43:30
  VLG3261;2022-03-11 00:00:00;BILBAO;BIO;2022-02-18;2022-03-25;9:55;320;ESPANIA;TFN;180;144;87;00:43:30
  VLG3263;2022-03-12 00:00:00;BILBAO;BIO;2022-02-19;2022-03-26;10:15;320;ESPANIA;TFN;180;144;87;00:43:30
  VLG3261;2022-03-10 00:00:00;BILBAO;BIO;2022-03-03;2022-03-24;10:20;320;ESPANIA;TFN;180;144;87;00:43:30
  VLG3261;2022-03-13 00:00:00;BILBAO;BIO;2022-03-06;2022-03-20;15:10;320;ESPANIA;TFN;180;144;87;00:43:30
  IBB659;2022-03-09 00:00:00;EL HIERRO / VALVERDE;VDE;2022-02-09;2022-03-23;10:00;AT7;ESPANIA;TFN;72;58;35;00:17:30
  IBB422;2022-03-09 00:00:00;FUERTEVENTURA;FUE;2022-02-09;2022-03-23;10:10;AT7;ESPANIA;TFN;72;58;35;00:17:30
  IBB418;2022-03-11 00:00:00;FUERTEVENTURA;FUE;2022-03-04;2022-03-25;11:00;AT7;ESPANIA;TFN;72;58;35;00:17:30
  IBB416;2022-03-13 00:00:00;FUERTEVENTURA;FUE;2022-03-06;2022-03-20;11:40;AT7;ESPANIA;TFN;72;58;35;00:17:30
  IBB416;2022-03-11 00:00:00;FUERTEVENTURA;FUE;2022-03-04;2022-03-25;11:50;AT7;ESPANIA;TFN;72;58;35;00:17:30
  IBB438;2022-03-13 00:00:00;FUERTEVENTURA;FUE;2022-03-06;2022-03-20;13:20;AT7;ESPANIA;TFN;72;58;35;00:17:30
  IBB438;2022-03-11 00:00:00;FUERTEVENTURA;FUE;2022-03-04;2022-03-25;13:30;AT7;ESPANIA;TFN;72;58;35;00:17:30
  IBB426;2022-03-11 00:00:00;FUERTEVENTURA;FUE;2022-01-07;2022-03-25;16:40;AT7;ESPANIA;TFN;72;58;35;00:17:30
  IBB426;2022-03-13 00:00:00;FUERTEVENTURA;FUE;2022-02-27;2022-03-20;16:40;AT7;ESPANIA;TFN;72;58;35;00:17:30
  IBB428;2022-03-11 00:00:00;FUERTEVENTURA;FUE;2022-01-14;2022-03-25;19:20;AT7;ESPANIA;TFN;72;58;35;00:17:30
  IBB424;2022-03-13 00:00:00;FUERTEVENTURA;FUE;2021-10-31;2022-03-20;20:40;AT7;ESPANIA;TFN;72;58;35;00:17:30
  IBB424;2022-03-11 00:00:00;FUERTEVENTURA;FUE;2022-01-07;2022-03-25;20:40;AT7;ESPANIA;TFN;72;58;35;00:17:30
  IBB942;2022-03-08 00:00:00;FUNCHAL / MADEIRA;FNC;2021-11-02;2022-03-22;16:05;AT7;PORTUGAL;TFN;72;58;35;00:17:30
  IBB942;2022-03-12 00:00:00;FUNCHAL / MADEIRA;FNC;2022-02-12;2022-03-26;16:05;AT7;PORTUGAL;TFN;72;58;35;00:17:30
  IBB106;2022-03-13 00:00:00;GRAN CANARIA;LPA;2022-01-16;2022-03-20;7:00;295;ESPANIA;TFN;200;160;96;00:48:00
  IBB106;2022-03-09 00:00:00;GRAN CANARIA;LPA;2022-02-09;2022-03-23;7:00;295;ESPANIA;TFN;200;160;96;00:48:00
  IBB100;2022-03-09 00:00:00;GRAN CANARIA;LPA;2022-02-09;2022-03-23;7:30;AT7;ESPANIA;TFN;72;58;35;00:17:30
  IBB100;2022-03-07 00:00:00;GRAN CANARIA;LPA;2022-03-07;2022-03-21;7:30;AT7;ESPANIA;TFN;72;58;35;00:17:30
  IBB102;2022-03-08 00:00:00;GRAN CANARIA;LPA;2021-11-02;2022-03-22;8:00;AT7;ESPANIA;TFN;72;58;35;00:17:30
  IBB102;2022-03-07 00:00:00;GRAN CANARIA;LPA;2021-12-13;2022-03-21;8:00;AT7;ESPANIA;TFN;72;58;35;00:17:30
  IBB102;2022-03-09 00:00:00;GRAN CANARIA;LPA;2022-02-09;2022-03-23;8:00;AT7;ESPANIA;TFN;72;58;35;00:17:30
  IBB104;2022-03-09 00:00:00;GRAN CANARIA;LPA;2022-02-09;2022-03-23;8:30;AT7;ESPANIA;TFN;72;58;35;00:17:30
  IBB104;2022-03-07 00:00:00;GRAN CANARIA;LPA;2022-03-07;2022-03-21;8:30;AT7;ESPANIA;TFN;72;58;35;00:17:30
  IBB108;2022-03-07 00:00:00;GRAN CANARIA;LPA;2021-11-08;2022-03-21;9:00;AT7;ESPANIA;TFN;72;58;35;00:17:30
  IBB120;2022-03-08 00:00:00;GRAN CANARIA;LPA;2021-12-14;2022-03-22;10:00;AT7;ESPANIA;TFN;72;58;35;00:17:30
  IBB120;2022-03-13 00:00:00;GRAN CANARIA;LPA;2022-03-06;2022-03-20;10:00;AT7;ESPANIA;TFN;72;58;35;00:17:30
  IBB134;2022-03-09 00:00:00;GRAN CANARIA;LPA;2022-02-09;2022-03-23;13:00;AT7;ESPANIA;TFN;72;58;35;00:17:30
  IBB158;2022-03-11 00:00:00;GRAN CANARIA;LPA;2022-01-14;2022-03-25;14:00;AT7;ESPANIA;TFN;72;58;35;00:17:30
  IBB148;2022-03-11 00:00:00;GRAN CANARIA;LPA;2022-03-04;2022-03-25;14:30;AT7;ESPANIA;TFN;72;58;35;00:17:30
  IBB160;2022-03-09 00:00:00;GRAN CANARIA;LPA;2022-02-09;2022-03-23;15:00;AT7;ESPANIA;TFN;72;58;35;00:17:30
  IBB170;2022-03-07 00:00:00;GRAN CANARIA;LPA;2021-12-13;2022-03-21;17:00;AT7;ESPANIA;TFN;72;58;35;00:17:30
  IBB178;2022-03-11 00:00:00;GRAN CANARIA;LPA;2021-11-05;2022-03-25;18:00;AT7;ESPANIA;TFN;72;58;35;00:17:30
  IBB178;2022-03-09 00:00:00;GRAN CANARIA;LPA;2022-02-09;2022-03-23;18:00;AT7;ESPANIA;TFN;72;58;35;00:17:30
  IBB176;2022-03-10 00:00:00;GRAN CANARIA;LPA;2022-03-03;2022-03-24;18:30;AT7;ESPANIA;TFN;72;58;35;00:17:30
  IBB186;2022-03-11 00:00:00;GRAN CANARIA;LPA;2022-01-14;2022-03-25;19:00;AT7;ESPANIA;TFN;72;58;35;00:17:30
  IBB174;2022-03-10 00:00:00;GRAN CANARIA;LPA;2022-03-03;2022-03-24;19:30;AT7;ESPANIA;TFN;72;58;35;00:17:30
  IBB188;2022-03-13 00:00:00;GRAN CANARIA;LPA;2021-12-12;2022-03-20;20:00;AT7;ESPANIA;TFN;72;58;35;00:17:30
  IBB192;2022-03-09 00:00:00;GRAN CANARIA;LPA;2022-02-09;2022-03-23;21:00;AT7;ESPANIA;TFN;72;58;35;00:17:30
  IBB192;2022-03-07 00:00:00;GRAN CANARIA;LPA;2022-03-07;2022-03-21;21:00;AT7;ESPANIA;TFN;72;58;35;00:17:30
  IBB198;2022-03-11 00:00:00;GRAN CANARIA;LPA;2022-01-14;2022-03-25;21:30;AT7;ESPANIA;TFN;72;58;35;00:17:30
  IBB198;2022-03-13 00:00:00;GRAN CANARIA;LPA;2022-03-06;2022-03-20;21:30;AT7;ESPANIA;TFN;72;58;35;00:17:30
  IBB190;2022-03-11 00:00:00;GRAN CANARIA;LPA;2022-01-07;2022-03-25;22:00;AT7;ESPANIA;TFN;72;58;35;00:17:30
  IBB190;2022-03-10 00:00:00;GRAN CANARIA;LPA;2022-01-13;2022-03-24;22:15;AT7;ESPANIA;TFN;72;58;35;00:17:30
  IBB607;2022-03-09 00:00:00;LA PALMA /STA.CRUZ DE LA PALMA;SPC;2022-02-09;2022-03-23;8:00;AT7;ESPANIA;TFN;72;58;35;00:17:30
  IBB617;2022-03-09 00:00:00;LA PALMA /STA.CRUZ DE LA PALMA;SPC;2022-02-09;2022-03-23;11:00;AT7;ESPANIA;TFN;72;58;35;00:17:30
  IBB617;2022-03-13 00:00:00;LA PALMA /STA.CRUZ DE LA PALMA;SPC;2022-03-06;2022-03-20;11:00;AT7;ESPANIA;TFN;72;58;35;00:17:30
  IBB619;2022-03-11 00:00:00;LA PALMA /STA.CRUZ DE LA PALMA;SPC;2022-03-04;2022-03-25;13:30;AT7;ESPANIA;TFN;72;58;35;00:17:30
  IBB629;2022-03-13 00:00:00;LA PALMA /STA.CRUZ DE LA PALMA;SPC;2022-03-06;2022-03-20;14:30;AT7;ESPANIA;TFN;72;58;35;00:17:30
  IBB631;2022-03-13 00:00:00;LA PALMA /STA.CRUZ DE LA PALMA;SPC;2022-01-16;2022-03-20;15:00;AT7;ESPANIA;TFN;72;58;35;00:17:30
  IBB631;2022-03-09 00:00:00;LA PALMA /STA.CRUZ DE LA PALMA;SPC;2022-02-09;2022-03-23;15:00;AT7;ESPANIA;TFN;72;58;35;00:17:30
  IBB645;2022-03-11 00:00:00;LA PALMA /STA.CRUZ DE LA PALMA;SPC;2022-01-14;2022-03-25;15:30;AT7;ESPANIA;TFN;72;58;35;00:17:30
  IBB633;2022-03-12 00:00:00;LA PALMA /STA.CRUZ DE LA PALMA;SPC;2022-01-08;2022-03-26;16:00;AT7;ESPANIA;TFN;72;58;35;00:17:30
  IBB623;2022-03-12 00:00:00;LA PALMA /STA.CRUZ DE LA PALMA;SPC;2021-11-06;2022-03-26;17:00;AT7;ESPANIA;TFN;72;58;35;00:17:30
  IBB623;2022-03-09 00:00:00;LA PALMA /STA.CRUZ DE LA PALMA;SPC;2022-02-09;2022-03-23;17:00;AT7;ESPANIA;TFN;72;58;35;00:17:30
  IBB643;2022-03-13 00:00:00;LA PALMA /STA.CRUZ DE LA PALMA;SPC;2022-01-16;2022-03-20;19:30;AT7;ESPANIA;TFN;72;58;35;00:17:30
  IBB625;2022-03-11 00:00:00;LA PALMA /STA.CRUZ DE LA PALMA;SPC;2022-03-04;2022-03-25;19:30;AT7;ESPANIA;TFN;72;58;35;00:17:30
  IBB649;2022-03-12 00:00:00;LA PALMA /STA.CRUZ DE LA PALMA;SPC;2022-03-05;2022-03-26;20:00;AT7;ESPANIA;TFN;72;58;35;00:17:30
  IBB627;2022-03-13 00:00:00;LA PALMA /STA.CRUZ DE LA PALMA;SPC;2022-01-16;2022-03-20;20:15;AT7;ESPANIA;TFN;72;58;35;00:17:30
  IBB454;2022-03-11 00:00:00;LANZAROTE CÉSAR MANRIQUE;ACE;2022-01-14;2022-03-25;12:40;AT7;ESPANIA;TFN;72;58;35;00:17:30
  IBB470;2022-03-11 00:00:00;LANZAROTE CÉSAR MANRIQUE;ACE;2022-01-07;2022-03-25;14:00;AT7;ESPANIA;TFN;72;58;35;00:17:30
  IBB476;2022-03-13 00:00:00;LANZAROTE CÉSAR MANRIQUE;ACE;2022-03-06;2022-03-20;15:20;AT7;ESPANIA;TFN;72;58;35;00:17:30
  IBB474;2022-03-09 00:00:00;LANZAROTE CÉSAR MANRIQUE;ACE;2022-03-02;2022-03-23;16:50;AT7;ESPANIA;TFN;72;58;35;00:17:30
  IBB484;2022-03-13 00:00:00;LANZAROTE CÉSAR MANRIQUE;ACE;2022-03-06;2022-03-20;19:30;AT7;ESPANIA;TFN;72;58;35;00:17:30
  IBB486;2022-03-13 00:00:00;LANZAROTE CÉSAR MANRIQUE;ACE;2021-10-31;2022-03-20;20:40;AT7;ESPANIA;TFN;72;58;35;00:17:30
  IBB486;2022-03-11 00:00:00;LANZAROTE CÉSAR MANRIQUE;ACE;2022-01-07;2022-03-25;20:40;AT7;ESPANIA;TFN;72;58;35;00:17:30
  IBE3945;2022-03-13 00:00:00;MADRID-BARAJAS ADOLFO SUÁREZ;MAD;2021-12-05;2022-03-20;7:00;321;ESPANIA;TFN;200;160;96;00:48:00
  IBE3945;2022-03-08 00:00:00;MADRID-BARAJAS ADOLFO SUÁREZ;MAD;2022-01-11;2022-03-22;7:00;321;ESPANIA;TFN;200;160;96;00:48:00
  RYR5279;2022-03-10 00:00:00;MADRID-BARAJAS ADOLFO SUÁREZ;MAD;2021-11-04;2022-03-24;8:55;73H;ESPANIA;TFN;189;152;92;00:46:00
  RYR5279;2022-03-12 00:00:00;MADRID-BARAJAS ADOLFO SUÁREZ;MAD;2022-01-08;2022-03-26;9:05;73H;ESPANIA;TFN;189;152;92;00:46:00
  RYR5279;2022-03-07 00:00:00;MADRID-BARAJAS ADOLFO SUÁREZ;MAD;2021-11-01;2022-03-21;9:15;73H;ESPANIA;TFN;189;152;92;00:46:00
  RYR5279;2022-03-13 00:00:00;MADRID-BARAJAS ADOLFO SUÁREZ;MAD;2022-01-02;2022-03-20;9:15;73H;ESPANIA;TFN;189;152;92;00:46:00
  IBE3961;2022-03-09 00:00:00;MADRID-BARAJAS ADOLFO SUÁREZ;MAD;2022-03-09;2022-03-09;9:55;321;ESPANIA;TFN;200;160;96;00:48:00
  IBE3943;2022-03-10 00:00:00;MADRID-BARAJAS ADOLFO SUÁREZ;MAD;2022-03-10;2022-03-10;11:15;321;ESPANIA;TFN;200;160;96;00:48:00
  IBE3937;2022-03-09 00:00:00;MADRID-BARAJAS ADOLFO SUÁREZ;MAD;2022-03-09;2022-03-09;14:20;321;ESPANIA;TFN;200;160;96;00:48:00
  AEA9049;2022-03-13 00:00:00;MADRID-BARAJAS ADOLFO SUÁREZ;MAD;2022-03-06;2022-03-20;14:55;73H;ESPANIA;TFN;189;152;92;00:46:00
  IBE3955;2022-03-12 00:00:00;MADRID-BARAJAS ADOLFO SUÁREZ;MAD;2022-01-15;2022-03-26;16:15;320;ESPANIA;TFN;180;144;87;00:43:30
  IBE3955;2022-03-07 00:00:00;MADRID-BARAJAS ADOLFO SUÁREZ;MAD;2022-02-07;2022-03-21;16:15;320;ESPANIA;TFN;180;144;87;00:43:30
  IBE3955;2022-03-09 00:00:00;MADRID-BARAJAS ADOLFO SUÁREZ;MAD;2022-02-16;2022-03-23;16:15;320;ESPANIA;TFN;180;144;87;00:43:30
  IBE3955;2022-03-10 00:00:00;MADRID-BARAJAS ADOLFO SUÁREZ;MAD;2022-02-24;2022-03-24;16:15;320;ESPANIA;TFN;180;144;87;00:43:30
  IBE3955;2022-03-08 00:00:00;MADRID-BARAJAS ADOLFO SUÁREZ;MAD;2022-03-08;2022-03-22;16:15;320;ESPANIA;TFN;180;144;87;00:43:30
  AEA9117;2022-03-13 00:00:00;MADRID-BARAJAS ADOLFO SUÁREZ;MAD;2022-02-06;2022-03-20;17:55;789;ESPANIA;TFN;200;160;96;00:48:00
  RYR5279;2022-03-11 00:00:00;MADRID-BARAJAS ADOLFO SUÁREZ;MAD;2022-01-07;2022-03-25;19:00;73H;ESPANIA;TFN;189;152;92;00:46:00
  IBE3939;2022-03-08 00:00:00;MADRID-BARAJAS ADOLFO SUÁREZ;MAD;2022-02-08;2022-03-22;19:05;320;ESPANIA;TFN;180;144;87;00:43:30
  RYR5279;2022-03-08 00:00:00;MADRID-BARAJAS ADOLFO SUÁREZ;MAD;2021-11-02;2022-03-22;20:25;73H;ESPANIA;TFN;189;152;92;00:46:00
  RYR5279;2022-03-09 00:00:00;MADRID-BARAJAS ADOLFO SUÁREZ;MAD;2021-11-03;2022-03-23;21:00;73H;ESPANIA;TFN;189;152;92;00:46:00
  VLG3275;2022-03-11 00:00:00;MALAGA-COSTA DEL SOL;AGP;2022-03-04;2022-03-25;7:10;320;ESPANIA;TFN;180;144;87;00:43:30
  VLG3275;2022-03-09 00:00:00;MALAGA-COSTA DEL SOL;AGP;2022-03-02;2022-03-09;7:30;320;ESPANIA;TFN;180;144;87;00:43:30
  VLG3275;2022-03-07 00:00:00;MALAGA-COSTA DEL SOL;AGP;2022-02-21;2022-03-21;9:00;320;ESPANIA;TFN;180;144;87;00:43:30
  VLG3275;2022-03-13 00:00:00;MALAGA-COSTA DEL SOL;AGP;2022-03-06;2022-03-20;11:20;320;ESPANIA;TFN;180;144;87;00:43:30
  VLG3277;2022-03-10 00:00:00;MALAGA-COSTA DEL SOL;AGP;2022-01-13;2022-03-24;15:15;320;ESPANIA;TFN;180;144;87;00:43:30
  VLG3277;2022-03-11 00:00:00;MALAGA-COSTA DEL SOL;AGP;2022-02-25;2022-03-25;16:35;320;ESPANIA;TFN;180;144;87;00:43:30
  IBB5150;2022-03-09 00:00:00;PALMA DE MALLORCA;PMI;2021-12-01;2022-03-23;8:15;295;ESPANIA;TFN;200;160;96;00:48:00
  IBB5150;2022-03-12 00:00:00;PALMA DE MALLORCA;PMI;2022-01-15;2022-03-26;15:00;295;ESPANIA;TFN;200;160;96;00:48:00
  IBB5450;2022-03-08 00:00:00;PAMPLONA;PNA;2021-12-07;2022-03-22;15:30;295;ESPANIA;TFN;200;160;96;00:48:00
  IBB5950;2022-03-07 00:00:00;SANTANDER-SEVE BALLESTEROS;SDR;2021-12-06;2022-03-21;8:15;295;ESPANIA;TFN;200;160;96;00:48:00
  IBB5950;2022-03-09 00:00:00;SANTANDER-SEVE BALLESTEROS;SDR;2022-02-16;2022-03-23;16:00;295;ESPANIA;TFN;200;160;96;00:48:00
  VLG3222;2022-03-13 00:00:00;SANTIAGO-ROSALÍA DE CASTRO;SCQ;2022-03-06;2022-03-13;7:20;320;ESPANIA;TFN;180;144;87;00:43:30
  VLG3224;2022-03-07 00:00:00;SANTIAGO-ROSALÍA DE CASTRO;SCQ;2022-03-07;2022-03-21;7:20;320;ESPANIA;TFN;180;144;87;00:43:30
  VLG3222;2022-03-11 00:00:00;SANTIAGO-ROSALÍA DE CASTRO;SCQ;2022-02-11;2022-03-25;9:30;320;ESPANIA;TFN;180;144;87;00:43:30
  VLG3222;2022-03-09 00:00:00;SANTIAGO-ROSALÍA DE CASTRO;SCQ;2022-01-26;2022-03-23;14:30;320;ESPANIA;TFN;180;144;87;00:43:30
  VLG3257;2022-03-09 00:00:00;SEVILLA;SVQ;2022-01-12;2022-03-23;8:45;320;ESPANIA;TFN;180;144;87;00:43:30
  VLG3257;2022-03-11 00:00:00;SEVILLA;SVQ;2022-01-28;2022-03-25;8:45;320;ESPANIA;TFN;180;144;87;00:43:30
  VLG3257;2022-03-12 00:00:00;SEVILLA;SVQ;2022-03-12;2022-03-26;8:45;320;ESPANIA;TFN;180;144;87;00:43:30
  VLG3255;2022-03-10 00:00:00;SEVILLA;SVQ;2022-02-03;2022-03-24;13:45;320;ESPANIA;TFN;180;144;87;00:43:30
  VLG3255;2022-03-13 00:00:00;SEVILLA;SVQ;2022-01-16;2022-03-20;14:15;320;ESPANIA;TFN;180;144;87;00:43:30
  VLG3255;2022-03-11 00:00:00;SEVILLA;SVQ;2022-02-04;2022-03-25;14:15;320;ESPANIA;TFN;180;144;87;00:43:30
  RYR6585;2022-03-08 00:00:00;SEVILLA;SVQ;2021-11-02;2022-03-22;15:55;73H;ESPANIA;TFN;189;152;92;00:46:00
  RYR6585;2022-03-10 00:00:00;SEVILLA;SVQ;2022-03-03;2022-03-24;15:55;73H;ESPANIA;TFN;189;152;92;00:46:00
  RYR6585;2022-03-12 00:00:00;SEVILLA;SVQ;2022-01-01;2022-03-26;16:30;73H;ESPANIA;TFN;189;152;92;00:46:00
  RYR4465;2022-03-07 00:00:00;VALENCIA;VLC;2022-03-07;2022-03-21;9:20;73H;ESPANIA;TFN;189;152;92;00:46:00
  RYR4465;2022-03-13 00:00:00;VALENCIA;VLC;2021-10-31;2022-03-20;12:00;73H;ESPANIA;TFN;189;152;92;00:46:00
  IBE8583;2022-03-12 00:00:00;VALENCIA;VLC;2022-02-26;2022-03-26;13:05;CRK;ESPANIA;TFN;50;40;24;00:12:00
  VLG3103;2022-03-07 00:00:00;VALENCIA;VLC;2022-03-07;2022-03-21;14:45;320;ESPANIA;TFN;180;144;87;00:43:30
  VLG3103;2022-03-10 00:00:00;VALENCIA;VLC;2022-03-03;2022-03-10;15:15;320;ESPANIA;TFN;180;144;87;00:43:30
  VLG3103;2022-03-12 00:00:00;VALENCIA;VLC;2022-03-05;2022-03-26;15:15;320;ESPANIA;TFN;180;144;87;00:43:30
  RYR4465;2022-03-09 00:00:00;VALENCIA;VLC;2021-11-03;2022-03-23;20:15;73H;ESPANIA;TFN;189;152;92;00:46:00
  IBB5250;2022-03-12 00:00:00;VIGO;VGO;2021-12-04;2022-03-26;8:15;295;ESPANIA;TFN;200;160;96;00:48:00
  IBB5250;2022-03-10 00:00:00;VIGO;VGO;2022-01-06;2022-03-24;15:30;295;ESPANIA;TFN;200;160;96;00:48:00
  IBB5860;2022-03-13 00:00:00;VITORIA;VIT;2022-02-20;2022-03-20;15:45;295;ESPANIA;TFN;200;160;96;00:48:00
  VLG3112;2022-03-12 00:00:00;ZARAGOZA;ZAZ;2022-03-05;2022-03-12;7:10;320;ESPANIA;TFN;180;144;87;00:43:30
  VLG3112;2022-03-09 00:00:00;ZARAGOZA;ZAZ;2022-03-02;2022-03-23;15:05;320;ESPANIA;TFN;180;144;87;00:43:30
  VLG3215;2022-03-13 00:00:00;BARCELONA-EL PRAT J.T.;BCN;2022-03-05;2022-03-21;7:00;320;ESPANIA;TFN;180;144;87;00:43:30
  VLG3215;2022-03-12 00:00:00;BARCELONA-EL PRAT J.T.;BCN;2022-03-05;2022-03-21;7:00;320;ESPANIA;TFN;180;144;87;00:43:30
  VLG3215;2022-03-09 00:00:00;BARCELONA-EL PRAT J.T.;BCN;2022-03-05;2022-03-21;7:00;320;ESPANIA;TFN;180;144;87;00:43:30
  VLG3215;2022-03-08 00:00:00;BARCELONA-EL PRAT J.T.;BCN;2022-03-05;2022-03-21;7:00;320;ESPANIA;TFN;180;144;87;00:43:30
  VLG3215;2022-03-07 00:00:00;BARCELONA-EL PRAT J.T.;BCN;2022-03-05;2022-03-21;7:00;320;ESPANIA;TFN;180;144;87;00:43:30
  RYR3064;2022-03-13 00:00:00;BARCELONA-EL PRAT J.T.;BCN;2022-01-02;2022-03-26;9:20;73H;ESPANIA;TFN;189;152;92;00:46:00
  RYR3064;2022-03-12 00:00:00;BARCELONA-EL PRAT J.T.;BCN;2022-01-02;2022-03-26;9:20;73H;ESPANIA;TFN;189;152;92;00:46:00
  RYR3064;2022-03-10 00:00:00;BARCELONA-EL PRAT J.T.;BCN;2021-11-03;2022-03-24;9:30;73H;ESPANIA;TFN;189;152;92;00:46:00
  RYR3064;2022-03-09 00:00:00;BARCELONA-EL PRAT J.T.;BCN;2021-11-03;2022-03-24;9:30;73H;ESPANIA;TFN;189;152;92;00:46:00
  VLG3219;2022-03-13 00:00:00;BARCELONA-EL PRAT J.T.;BCN;2022-02-14;2022-03-25;11:05;320;ESPANIA;TFN;180;144;87;00:43:30
  VLG3219;2022-03-11 00:00:00;BARCELONA-EL PRAT J.T.;BCN;2022-02-14;2022-03-25;11:05;320;ESPANIA;TFN;180;144;87;00:43:30
  VLG3219;2022-03-10 00:00:00;BARCELONA-EL PRAT J.T.;BCN;2022-02-14;2022-03-25;11:05;320;ESPANIA;TFN;180;144;87;00:43:30
  VLG3219;2022-03-09 00:00:00;BARCELONA-EL PRAT J.T.;BCN;2022-02-14;2022-03-25;11:05;320;ESPANIA;TFN;180;144;87;00:43:30
  VLG3219;2022-03-08 00:00:00;BARCELONA-EL PRAT J.T.;BCN;2022-02-14;2022-03-25;11:05;320;ESPANIA;TFN;180;144;87;00:43:30
  VLG3219;2022-03-07 00:00:00;BARCELONA-EL PRAT J.T.;BCN;2022-02-14;2022-03-25;11:05;320;ESPANIA;TFN;180;144;87;00:43:30
  VLG3217;2022-03-13 00:00:00;BARCELONA-EL PRAT J.T.;BCN;2022-03-02;2022-03-26;15:00;320;ESPANIA;TFN;180;144;87;00:43:30
  VLG3217;2022-03-12 00:00:00;BARCELONA-EL PRAT J.T.;BCN;2022-03-02;2022-03-26;15:00;320;ESPANIA;TFN;180;144;87;00:43:30
  VLG3217;2022-03-10 00:00:00;BARCELONA-EL PRAT J.T.;BCN;2022-03-02;2022-03-26;15:00;320;ESPANIA;TFN;180;144;87;00:43:30
  VLG3217;2022-03-09 00:00:00;BARCELONA-EL PRAT J.T.;BCN;2022-03-02;2022-03-26;15:00;320;ESPANIA;TFN;180;144;87;00:43:30
  VLG3217;2022-03-07 00:00:00;BARCELONA-EL PRAT J.T.;BCN;2022-03-02;2022-03-26;15:00;320;ESPANIA;TFN;180;144;87;00:43:30
  VLG3213;2022-03-10 00:00:00;BARCELONA-EL PRAT J.T.;BCN;2022-02-24;2022-03-24;20:45;320;ESPANIA;TFN;180;144;87;00:43:30
  VLG3213;2022-03-07 00:00:00;BARCELONA-EL PRAT J.T.;BCN;2022-02-24;2022-03-24;20:45;320;ESPANIA;TFN;180;144;87;00:43:30
  VLG3213;2022-03-13 00:00:00;BARCELONA-EL PRAT J.T.;BCN;2022-03-05;2022-03-26;20:45;320;ESPANIA;TFN;180;144;87;00:43:30
  VLG3213;2022-03-12 00:00:00;BARCELONA-EL PRAT J.T.;BCN;2022-03-05;2022-03-26;20:45;320;ESPANIA;TFN;180;144;87;00:43:30
  VLG3261;2022-03-09 00:00:00;BILBAO;BIO;2022-03-02;2022-03-23;9:55;320;ESPANIA;TFN;180;144;87;00:43:30
  VLG3261;2022-03-07 00:00:00;BILBAO;BIO;2022-03-02;2022-03-23;9:55;320;ESPANIA;TFN;180;144;87;00:43:30
  AEA7007;2022-03-12 00:00:00;BILBAO;BIO;2022-02-05;2022-03-26;14:25;73H;ESPANIA;TFN;189;152;92;00:46:00
  AEA7007;2022-03-09 00:00:00;BILBAO;BIO;2022-02-05;2022-03-26;14:25;73H;ESPANIA;TFN;189;152;92;00:46:00
  VLG1864;2022-03-13 00:00:00;COPENHAGUE;CPH;2022-03-06;2022-03-13;9:00;320;DINAMARCA;TFN;180;144;87;00:43:30
  VLG1864;2022-03-09 00:00:00;COPENHAGUE;CPH;2022-03-06;2022-03-13;9:00;320;DINAMARCA;TFN;180;144;87;00:43:30
  IBB655;2022-03-13 00:00:00;EL HIERRO / VALVERDE;VDE;2021-10-31;2022-03-26;7:55;AT7;ESPANIA;TFN;72;58;35;00:17:30
  IBB655;2022-03-12 00:00:00;EL HIERRO / VALVERDE;VDE;2021-10-31;2022-03-26;7:55;AT7;ESPANIA;TFN;72;58;35;00:17:30
  IBB655;2022-03-11 00:00:00;EL HIERRO / VALVERDE;VDE;2021-10-31;2022-03-26;7:55;AT7;ESPANIA;TFN;72;58;35;00:17:30
  IBB655;2022-03-10 00:00:00;EL HIERRO / VALVERDE;VDE;2021-10-31;2022-03-26;7:55;AT7;ESPANIA;TFN;72;58;35;00:17:30
  IBB655;2022-03-09 00:00:00;EL HIERRO / VALVERDE;VDE;2021-10-31;2022-03-26;7:55;AT7;ESPANIA;TFN;72;58;35;00:17:30
  IBB655;2022-03-08 00:00:00;EL HIERRO / VALVERDE;VDE;2021-10-31;2022-03-26;7:55;AT7;ESPANIA;TFN;72;58;35;00:17:30
  IBB655;2022-03-07 00:00:00;EL HIERRO / VALVERDE;VDE;2021-10-31;2022-03-26;7:55;AT7;ESPANIA;TFN;72;58;35;00:17:30
  IBB659;2022-03-13 00:00:00;EL HIERRO / VALVERDE;VDE;2022-01-10;2022-03-26;10:00;AT7;ESPANIA;TFN;72;58;35;00:17:30
  IBB659;2022-03-12 00:00:00;EL HIERRO / VALVERDE;VDE;2022-01-10;2022-03-26;10:00;AT7;ESPANIA;TFN;72;58;35;00:17:30
  IBB659;2022-03-11 00:00:00;EL HIERRO / VALVERDE;VDE;2022-01-10;2022-03-26;10:00;AT7;ESPANIA;TFN;72;58;35;00:17:30
  IBB659;2022-03-10 00:00:00;EL HIERRO / VALVERDE;VDE;2022-01-10;2022-03-26;10:00;AT7;ESPANIA;TFN;72;58;35;00:17:30
  IBB659;2022-03-08 00:00:00;EL HIERRO / VALVERDE;VDE;2022-01-10;2022-03-26;10:00;AT7;ESPANIA;TFN;72;58;35;00:17:30
  IBB659;2022-03-07 00:00:00;EL HIERRO / VALVERDE;VDE;2022-01-10;2022-03-26;10:00;AT7;ESPANIA;TFN;72;58;35;00:17:30
  IBB667;2022-03-13 00:00:00;EL HIERRO / VALVERDE;VDE;2022-03-04;2022-03-25;11:00;AT7;ESPANIA;TFN;72;58;35;00:17:30
  IBB667;2022-03-11 00:00:00;EL HIERRO / VALVERDE;VDE;2022-03-04;2022-03-25;11:00;AT7;ESPANIA;TFN;72;58;35;00:17:30
  IBB667;2022-03-07 00:00:00;EL HIERRO / VALVERDE;VDE;2022-03-04;2022-03-25;11:00;AT7;ESPANIA;TFN;72;58;35;00:17:30
  CNF247;2022-03-13 00:00:00;EL HIERRO / VALVERDE;VDE;2022-01-14;2022-03-25;11:45;AT7;ESPANIA;TFN;72;58;35;00:17:30
  CNF247;2022-03-11 00:00:00;EL HIERRO / VALVERDE;VDE;2022-01-14;2022-03-25;11:45;AT7;ESPANIA;TFN;72;58;35;00:17:30
  IBB657;2022-03-13 00:00:00;EL HIERRO / VALVERDE;VDE;2022-03-01;2022-03-26;12:20;AT7;ESPANIA;TFN;72;58;35;00:17:30
  IBB657;2022-03-12 00:00:00;EL HIERRO / VALVERDE;VDE;2022-03-01;2022-03-26;12:20;AT7;ESPANIA;TFN;72;58;35;00:17:30
  IBB657;2022-03-11 00:00:00;EL HIERRO / VALVERDE;VDE;2022-03-01;2022-03-26;12:20;AT7;ESPANIA;TFN;72;58;35;00:17:30
  IBB657;2022-03-10 00:00:00;EL HIERRO / VALVERDE;VDE;2022-03-01;2022-03-26;12:20;AT7;ESPANIA;TFN;72;58;35;00:17:30
  IBB657;2022-03-09 00:00:00;EL HIERRO / VALVERDE;VDE;2022-03-01;2022-03-26;12:20;AT7;ESPANIA;TFN;72;58;35;00:17:30
  IBB657;2022-03-08 00:00:00;EL HIERRO / VALVERDE;VDE;2022-03-01;2022-03-26;12:20;AT7;ESPANIA;TFN;72;58;35;00:17:30
  IBB657;2022-03-07 00:00:00;EL HIERRO / VALVERDE;VDE;2022-03-01;2022-03-26;12:20;AT7;ESPANIA;TFN;72;58;35;00:17:30
  IBB663;2022-03-13 00:00:00;EL HIERRO / VALVERDE;VDE;2021-10-31;2022-03-26;14:35;AT7;ESPANIA;TFN;72;58;35;00:17:30
  IBB663;2022-03-12 00:00:00;EL HIERRO / VALVERDE;VDE;2021-10-31;2022-03-26;14:35;AT7;ESPANIA;TFN;72;58;35;00:17:30
  IBB663;2022-03-10 00:00:00;EL HIERRO / VALVERDE;VDE;2021-10-31;2022-03-26;14:35;AT7;ESPANIA;TFN;72;58;35;00:17:30
  IBB663;2022-03-08 00:00:00;EL HIERRO / VALVERDE;VDE;2021-10-31;2022-03-26;14:35;AT7;ESPANIA;TFN;72;58;35;00:17:30
  IBB663;2022-03-07 00:00:00;EL HIERRO / VALVERDE;VDE;2021-10-31;2022-03-26;14:35;AT7;ESPANIA;TFN;72;58;35;00:17:30
  IBB663;2022-03-11 00:00:00;EL HIERRO / VALVERDE;VDE;2022-01-07;2022-03-25;14:35;AT7;ESPANIA;TFN;72;58;35;00:17:30
  IBB663;2022-03-09 00:00:00;EL HIERRO / VALVERDE;VDE;2022-01-07;2022-03-25;14:35;AT7;ESPANIA;TFN;72;58;35;00:17:30
  IBB673;2022-03-13 00:00:00;EL HIERRO / VALVERDE;VDE;2022-01-10;2022-03-26;16:45;AT7;ESPANIA;TFN;72;58;35;00:17:30
  IBB673;2022-03-12 00:00:00;EL HIERRO / VALVERDE;VDE;2022-01-10;2022-03-26;16:45;AT7;ESPANIA;TFN;72;58;35;00:17:30
  IBB673;2022-03-11 00:00:00;EL HIERRO / VALVERDE;VDE;2022-01-10;2022-03-26;16:45;AT7;ESPANIA;TFN;72;58;35;00:17:30
  IBB673;2022-03-10 00:00:00;EL HIERRO / VALVERDE;VDE;2022-01-10;2022-03-26;16:45;AT7;ESPANIA;TFN;72;58;35;00:17:30
  IBB673;2022-03-09 00:00:00;EL HIERRO / VALVERDE;VDE;2022-01-10;2022-03-26;16:45;AT7;ESPANIA;TFN;72;58;35;00:17:30
  IBB673;2022-03-08 00:00:00;EL HIERRO / VALVERDE;VDE;2022-01-10;2022-03-26;16:45;AT7;ESPANIA;TFN;72;58;35;00:17:30
  IBB673;2022-03-07 00:00:00;EL HIERRO / VALVERDE;VDE;2022-01-10;2022-03-26;16:45;AT7;ESPANIA;TFN;72;58;35;00:17:30
  VLG3116;2022-03-10 00:00:00;F.G.L. GRANADA - JAEN;GRX;2022-02-28;2022-03-10;16:15;320;ESPANIA;TFN;180;144;87;00:43:30
  VLG3116;2022-03-07 00:00:00;F.G.L. GRANADA - JAEN;GRX;2022-02-28;2022-03-10;16:15;320;ESPANIA;TFN;180;144;87;00:43:30
  IBB414;2022-03-13 00:00:00;FUERTEVENTURA;FUE;2021-10-31;2022-03-26;7:10;AT7;ESPANIA;TFN;72;58;35;00:17:30
  IBB414;2022-03-12 00:00:00;FUERTEVENTURA;FUE;2021-10-31;2022-03-26;7:10;AT7;ESPANIA;TFN;72;58;35;00:17:30
  IBB414;2022-03-11 00:00:00;FUERTEVENTURA;FUE;2021-10-31;2022-03-26;7:10;AT7;ESPANIA;TFN;72;58;35;00:17:30
  IBB414;2022-03-10 00:00:00;FUERTEVENTURA;FUE;2021-10-31;2022-03-26;7:10;AT7;ESPANIA;TFN;72;58;35;00:17:30
  IBB414;2022-03-09 00:00:00;FUERTEVENTURA;FUE;2021-10-31;2022-03-26;7:10;AT7;ESPANIA;TFN;72;58;35;00:17:30
  IBB414;2022-03-08 00:00:00;FUERTEVENTURA;FUE;2021-10-31;2022-03-26;7:10;AT7;ESPANIA;TFN;72;58;35;00:17:30
  IBB414;2022-03-07 00:00:00;FUERTEVENTURA;FUE;2021-10-31;2022-03-26;7:10;AT7;ESPANIA;TFN;72;58;35;00:17:30
  IBB422;2022-03-11 00:00:00;FUERTEVENTURA;FUE;2021-11-01;2022-03-25;10:10;AT7;ESPANIA;TFN;72;58;35;00:17:30
  IBB422;2022-03-08 00:00:00;FUERTEVENTURA;FUE;2021-11-01;2022-03-25;10:10;AT7;ESPANIA;TFN;72;58;35;00:17:30
  IBB422;2022-03-07 00:00:00;FUERTEVENTURA;FUE;2021-11-01;2022-03-25;10:10;AT7;ESPANIA;TFN;72;58;35;00:17:30
  IBB422;2022-03-13 00:00:00;FUERTEVENTURA;FUE;2022-01-08;2022-03-26;10:10;AT7;ESPANIA;TFN;72;58;35;00:17:30
  IBB422;2022-03-12 00:00:00;FUERTEVENTURA;FUE;2022-01-08;2022-03-26;10:10;AT7;ESPANIA;TFN;72;58;35;00:17:30
  IBB422;2022-03-10 00:00:00;FUERTEVENTURA;FUE;2022-01-08;2022-03-26;10:10;AT7;ESPANIA;TFN;72;58;35;00:17:30
  IBB432;2022-03-10 00:00:00;FUERTEVENTURA;FUE;2022-03-07;2022-03-24;13:20;AT7;ESPANIA;TFN;72;58;35;00:17:30
  IBB432;2022-03-07 00:00:00;FUERTEVENTURA;FUE;2022-03-07;2022-03-24;13:20;AT7;ESPANIA;TFN;72;58;35;00:17:30
  IBB420;2022-03-13 00:00:00;FUERTEVENTURA;FUE;2021-10-31;2022-03-26;14:10;AT7;ESPANIA;TFN;72;58;35;00:17:30
  IBB420;2022-03-12 00:00:00;FUERTEVENTURA;FUE;2021-10-31;2022-03-26;14:10;AT7;ESPANIA;TFN;72;58;35;00:17:30
  IBB420;2022-03-11 00:00:00;FUERTEVENTURA;FUE;2021-10-31;2022-03-26;14:10;AT7;ESPANIA;TFN;72;58;35;00:17:30
  IBB420;2022-03-10 00:00:00;FUERTEVENTURA;FUE;2021-10-31;2022-03-26;14:10;AT7;ESPANIA;TFN;72;58;35;00:17:30
  IBB420;2022-03-09 00:00:00;FUERTEVENTURA;FUE;2021-10-31;2022-03-26;14:10;AT7;ESPANIA;TFN;72;58;35;00:17:30
  IBB420;2022-03-08 00:00:00;FUERTEVENTURA;FUE;2021-10-31;2022-03-26;14:10;AT7;ESPANIA;TFN;72;58;35;00:17:30
  IBB420;2022-03-07 00:00:00;FUERTEVENTURA;FUE;2021-10-31;2022-03-26;14:10;AT7;ESPANIA;TFN;72;58;35;00:17:30
  CNF374;2022-03-12 00:00:00;FUERTEVENTURA;FUE;2021-11-01;2022-03-26;15:20;AT7;ESPANIA;TFN;72;58;35;00:17:30
  CNF374;2022-03-10 00:00:00;FUERTEVENTURA;FUE;2021-11-01;2022-03-26;15:20;AT7;ESPANIA;TFN;72;58;35;00:17:30
  CNF374;2022-03-09 00:00:00;FUERTEVENTURA;FUE;2021-11-01;2022-03-26;15:20;AT7;ESPANIA;TFN;72;58;35;00:17:30
  CNF374;2022-03-08 00:00:00;FUERTEVENTURA;FUE;2021-11-01;2022-03-26;15:20;AT7;ESPANIA;TFN;72;58;35;00:17:30
  CNF374;2022-03-07 00:00:00;FUERTEVENTURA;FUE;2021-11-01;2022-03-26;15:20;AT7;ESPANIA;TFN;72;58;35;00:17:30
  IBB426;2022-03-12 00:00:00;FUERTEVENTURA;FUE;2022-03-01;2022-03-26;16:40;AT7;ESPANIA;TFN;72;58;35;00:17:30
  IBB426;2022-03-10 00:00:00;FUERTEVENTURA;FUE;2022-03-01;2022-03-26;16:40;AT7;ESPANIA;TFN;72;58;35;00:17:30
  IBB426;2022-03-09 00:00:00;FUERTEVENTURA;FUE;2022-03-01;2022-03-26;16:40;AT7;ESPANIA;TFN;72;58;35;00:17:30
  IBB426;2022-03-08 00:00:00;FUERTEVENTURA;FUE;2022-03-01;2022-03-26;16:40;AT7;ESPANIA;TFN;72;58;35;00:17:30
  IBB426;2022-03-07 00:00:00;FUERTEVENTURA;FUE;2022-03-01;2022-03-26;16:40;AT7;ESPANIA;TFN;72;58;35;00:17:30
  CNF374;2022-03-13 00:00:00;FUERTEVENTURA;FUE;2022-01-14;2022-03-25;16:45;AT7;ESPANIA;TFN;72;58;35;00:17:30
  CNF374;2022-03-11 00:00:00;FUERTEVENTURA;FUE;2022-01-14;2022-03-25;16:45;AT7;ESPANIA;TFN;72;58;35;00:17:30
  IBB428;2022-03-13 00:00:00;FUERTEVENTURA;FUE;2021-10-31;2022-03-26;19:20;AT7;ESPANIA;TFN;72;58;35;00:17:30
  IBB428;2022-03-12 00:00:00;FUERTEVENTURA;FUE;2021-10-31;2022-03-26;19:20;AT7;ESPANIA;TFN;72;58;35;00:17:30
  IBB428;2022-03-10 00:00:00;FUERTEVENTURA;FUE;2021-10-31;2022-03-26;19:20;AT7;ESPANIA;TFN;72;58;35;00:17:30
  IBB428;2022-03-09 00:00:00;FUERTEVENTURA;FUE;2021-10-31;2022-03-26;19:20;AT7;ESPANIA;TFN;72;58;35;00:17:30
  IBB428;2022-03-08 00:00:00;FUERTEVENTURA;FUE;2021-10-31;2022-03-26;19:20;AT7;ESPANIA;TFN;72;58;35;00:17:30
  IBB428;2022-03-07 00:00:00;FUERTEVENTURA;FUE;2021-10-31;2022-03-26;19:20;AT7;ESPANIA;TFN;72;58;35;00:17:30
  IBB106;2022-03-12 00:00:00;GRAN CANARIA;LPA;2021-11-04;2022-03-26;7:00;295;ESPANIA;TFN;200;160;96;00:48:00
  IBB106;2022-03-11 00:00:00;GRAN CANARIA;LPA;2021-11-04;2022-03-26;7:00;295;ESPANIA;TFN;200;160;96;00:48:00
  IBB106;2022-03-10 00:00:00;GRAN CANARIA;LPA;2021-11-04;2022-03-26;7:00;295;ESPANIA;TFN;200;160;96;00:48:00
  IBB106;2022-03-08 00:00:00;GRAN CANARIA;LPA;2021-12-13;2022-03-22;7:00;295;ESPANIA;TFN;200;160;96;00:48:00
  IBB106;2022-03-07 00:00:00;GRAN CANARIA;LPA;2021-12-13;2022-03-22;7:00;295;ESPANIA;TFN;200;160;96;00:48:00
  IBB100;2022-03-10 00:00:00;GRAN CANARIA;LPA;2022-01-25;2022-03-24;7:30;AT7;ESPANIA;TFN;72;58;35;00:17:30
  IBB100;2022-03-08 00:00:00;GRAN CANARIA;LPA;2022-01-25;2022-03-24;7:30;AT7;ESPANIA;TFN;72;58;35;00:17:30
  IBB102;2022-03-13 00:00:00;GRAN CANARIA;LPA;2022-01-08;2022-03-26;8:00;AT7;ESPANIA;TFN;72;58;35;00:17:30
  IBB102;2022-03-12 00:00:00;GRAN CANARIA;LPA;2022-01-08;2022-03-26;8:00;AT7;ESPANIA;TFN;72;58;35;00:17:30
  IBB102;2022-03-11 00:00:00;GRAN CANARIA;LPA;2022-01-08;2022-03-26;8:00;AT7;ESPANIA;TFN;72;58;35;00:17:30
  IBB102;2022-03-10 00:00:00;GRAN CANARIA;LPA;2022-01-08;2022-03-26;8:00;AT7;ESPANIA;TFN;72;58;35;00:17:30
  IBB104;2022-03-10 00:00:00;GRAN CANARIA;LPA;2022-01-25;2022-03-24;8:30;AT7;ESPANIA;TFN;72;58;35;00:17:30
  IBB104;2022-03-08 00:00:00;GRAN CANARIA;LPA;2022-01-25;2022-03-24;8:30;AT7;ESPANIA;TFN;72;58;35;00:17:30
  IBB108;2022-03-13 00:00:00;GRAN CANARIA;LPA;2021-10-31;2022-03-26;9:00;AT7;ESPANIA;TFN;72;58;35;00:17:30
  IBB108;2022-03-12 00:00:00;GRAN CANARIA;LPA;2021-10-31;2022-03-26;9:00;AT7;ESPANIA;TFN;72;58;35;00:17:30
  IBB108;2022-03-10 00:00:00;GRAN CANARIA;LPA;2021-10-31;2022-03-26;9:00;AT7;ESPANIA;TFN;72;58;35;00:17:30
  IBB108;2022-03-08 00:00:00;GRAN CANARIA;LPA;2021-10-31;2022-03-26;9:00;AT7;ESPANIA;TFN;72;58;35;00:17:30
  IBB108;2022-03-11 00:00:00;GRAN CANARIA;LPA;2022-01-07;2022-03-25;9:00;AT7;ESPANIA;TFN;72;58;35;00:17:30
  IBB108;2022-03-09 00:00:00;GRAN CANARIA;LPA;2022-01-07;2022-03-25;9:00;AT7;ESPANIA;TFN;72;58;35;00:17:30
  IBB112;2022-03-10 00:00:00;GRAN CANARIA;LPA;2022-03-01;2022-03-24;9:30;AT7;ESPANIA;TFN;72;58;35;00:17:30
  IBB112;2022-03-09 00:00:00;GRAN CANARIA;LPA;2022-03-01;2022-03-24;9:30;AT7;ESPANIA;TFN;72;58;35;00:17:30
  IBB112;2022-03-08 00:00:00;GRAN CANARIA;LPA;2022-03-01;2022-03-24;9:30;AT7;ESPANIA;TFN;72;58;35;00:17:30
  IBB120;2022-03-11 00:00:00;GRAN CANARIA;LPA;2021-11-01;2022-03-25;10:00;AT7;ESPANIA;TFN;72;58;35;00:17:30
  IBB120;2022-03-09 00:00:00;GRAN CANARIA;LPA;2021-11-01;2022-03-25;10:00;AT7;ESPANIA;TFN;72;58;35;00:17:30
  IBB120;2022-03-07 00:00:00;GRAN CANARIA;LPA;2021-11-01;2022-03-25;10:00;AT7;ESPANIA;TFN;72;58;35;00:17:30
  IBB120;2022-03-12 00:00:00;GRAN CANARIA;LPA;2022-01-08;2022-03-26;10:00;AT7;ESPANIA;TFN;72;58;35;00:17:30
  IBB120;2022-03-10 00:00:00;GRAN CANARIA;LPA;2022-01-08;2022-03-26;10:00;AT7;ESPANIA;TFN;72;58;35;00:17:30
  CNF618;2022-03-13 00:00:00;GRAN CANARIA;LPA;2022-01-10;2022-03-26;10:45;AT7;ESPANIA;TFN;72;58;35;00:17:30
  CNF618;2022-03-12 00:00:00;GRAN CANARIA;LPA;2022-01-10;2022-03-26;10:45;AT7;ESPANIA;TFN;72;58;35;00:17:30
  CNF618;2022-03-11 00:00:00;GRAN CANARIA;LPA;2022-01-10;2022-03-26;10:45;AT7;ESPANIA;TFN;72;58;35;00:17:30
  CNF618;2022-03-10 00:00:00;GRAN CANARIA;LPA;2022-01-10;2022-03-26;10:45;AT7;ESPANIA;TFN;72;58;35;00:17:30
  CNF618;2022-03-09 00:00:00;GRAN CANARIA;LPA;2022-01-10;2022-03-26;10:45;AT7;ESPANIA;TFN;72;58;35;00:17:30
  CNF618;2022-03-08 00:00:00;GRAN CANARIA;LPA;2022-01-10;2022-03-26;10:45;AT7;ESPANIA;TFN;72;58;35;00:17:30
  CNF618;2022-03-07 00:00:00;GRAN CANARIA;LPA;2022-01-10;2022-03-26;10:45;AT7;ESPANIA;TFN;72;58;35;00:17:30
  IBB110;2022-03-13 00:00:00;GRAN CANARIA;LPA;2021-10-31;2022-03-26;11:30;AT7;ESPANIA;TFN;72;58;35;00:17:30
  IBB110;2022-03-12 00:00:00;GRAN CANARIA;LPA;2021-10-31;2022-03-26;11:30;AT7;ESPANIA;TFN;72;58;35;00:17:30
  IBB110;2022-03-11 00:00:00;GRAN CANARIA;LPA;2021-10-31;2022-03-26;11:30;AT7;ESPANIA;TFN;72;58;35;00:17:30
  IBB110;2022-03-10 00:00:00;GRAN CANARIA;LPA;2021-10-31;2022-03-26;11:30;AT7;ESPANIA;TFN;72;58;35;00:17:30
  IBB110;2022-03-09 00:00:00;GRAN CANARIA;LPA;2021-10-31;2022-03-26;11:30;AT7;ESPANIA;TFN;72;58;35;00:17:30
  IBB110;2022-03-08 00:00:00;GRAN CANARIA;LPA;2021-10-31;2022-03-26;11:30;AT7;ESPANIA;TFN;72;58;35;00:17:30
  IBB110;2022-03-07 00:00:00;GRAN CANARIA;LPA;2021-10-31;2022-03-26;11:30;AT7;ESPANIA;TFN;72;58;35;00:17:30
  IBB134;2022-03-12 00:00:00;GRAN CANARIA;LPA;2022-01-08;2022-03-26;13:00;AT7;ESPANIA;TFN;72;58;35;00:17:30
  IBB134;2022-03-11 00:00:00;GRAN CANARIA;LPA;2022-01-08;2022-03-26;13:00;AT7;ESPANIA;TFN;72;58;35;00:17:30
  IBB134;2022-03-10 00:00:00;GRAN CANARIA;LPA;2022-01-08;2022-03-26;13:00;AT7;ESPANIA;TFN;72;58;35;00:17:30
  IBB134;2022-03-08 00:00:00;GRAN CANARIA;LPA;2022-01-08;2022-03-26;13:00;AT7;ESPANIA;TFN;72;58;35;00:17:30
  IBB158;2022-03-13 00:00:00;GRAN CANARIA;LPA;2021-10-31;2022-03-26;14:00;AT7;ESPANIA;TFN;72;58;35;00:17:30
  IBB158;2022-03-12 00:00:00;GRAN CANARIA;LPA;2021-10-31;2022-03-26;14:00;AT7;ESPANIA;TFN;72;58;35;00:17:30
  IBB158;2022-03-10 00:00:00;GRAN CANARIA;LPA;2021-10-31;2022-03-26;14:00;AT7;ESPANIA;TFN;72;58;35;00:17:30
  IBB158;2022-03-09 00:00:00;GRAN CANARIA;LPA;2021-10-31;2022-03-26;14:00;AT7;ESPANIA;TFN;72;58;35;00:17:30
  IBB158;2022-03-08 00:00:00;GRAN CANARIA;LPA;2021-10-31;2022-03-26;14:00;AT7;ESPANIA;TFN;72;58;35;00:17:30
  IBB158;2022-03-07 00:00:00;GRAN CANARIA;LPA;2021-10-31;2022-03-26;14:00;AT7;ESPANIA;TFN;72;58;35;00:17:30
  IBB160;2022-03-13 00:00:00;GRAN CANARIA;LPA;2021-11-05;2022-03-25;15:00;AT7;ESPANIA;TFN;72;58;35;00:17:30
  IBB160;2022-03-11 00:00:00;GRAN CANARIA;LPA;2021-11-05;2022-03-25;15:00;AT7;ESPANIA;TFN;72;58;35;00:17:30
  IBB160;2022-03-12 00:00:00;GRAN CANARIA;LPA;2022-01-08;2022-03-26;15:00;AT7;ESPANIA;TFN;72;58;35;00:17:30
  IBB160;2022-03-10 00:00:00;GRAN CANARIA;LPA;2022-01-08;2022-03-26;15:00;AT7;ESPANIA;TFN;72;58;35;00:17:30
  IBB160;2022-03-08 00:00:00;GRAN CANARIA;LPA;2022-01-08;2022-03-26;15:00;AT7;ESPANIA;TFN;72;58;35;00:17:30
  IBB160;2022-03-07 00:00:00;GRAN CANARIA;LPA;2022-01-08;2022-03-26;15:00;AT7;ESPANIA;TFN;72;58;35;00:17:30
  IBB146;2022-03-11 00:00:00;GRAN CANARIA;LPA;2022-03-03;2022-03-25;15:30;AT7;ESPANIA;TFN;72;58;35;00:17:30
  IBB146;2022-03-10 00:00:00;GRAN CANARIA;LPA;2022-03-03;2022-03-25;15:30;AT7;ESPANIA;TFN;72;58;35;00:17:30
  IBB166;2022-03-13 00:00:00;GRAN CANARIA;LPA;2021-10-31;2022-03-26;16:00;AT7;ESPANIA;TFN;72;58;35;00:17:30
  IBB166;2022-03-12 00:00:00;GRAN CANARIA;LPA;2021-10-31;2022-03-26;16:00;AT7;ESPANIA;TFN;72;58;35;00:17:30
  IBB166;2022-03-09 00:00:00;GRAN CANARIA;LPA;2021-10-31;2022-03-26;16:00;AT7;ESPANIA;TFN;72;58;35;00:17:30
  IBB166;2022-03-08 00:00:00;GRAN CANARIA;LPA;2021-10-31;2022-03-26;16:00;AT7;ESPANIA;TFN;72;58;35;00:17:30
  IBB166;2022-03-07 00:00:00;GRAN CANARIA;LPA;2021-10-31;2022-03-26;16:00;AT7;ESPANIA;TFN;72;58;35;00:17:30
  IBB166;2022-03-11 00:00:00;GRAN CANARIA;LPA;2022-01-07;2022-03-25;16:00;AT7;ESPANIA;TFN;72;58;35;00:17:30
  IBB166;2022-03-10 00:00:00;GRAN CANARIA;LPA;2022-01-07;2022-03-25;16:00;AT7;ESPANIA;TFN;72;58;35;00:17:30
  IBB168;2022-03-13 00:00:00;GRAN CANARIA;LPA;2022-03-01;2022-03-25;16:30;AT7;ESPANIA;TFN;72;58;35;00:17:30
  IBB168;2022-03-11 00:00:00;GRAN CANARIA;LPA;2022-03-01;2022-03-25;16:30;AT7;ESPANIA;TFN;72;58;35;00:17:30
  IBB168;2022-03-10 00:00:00;GRAN CANARIA;LPA;2022-03-01;2022-03-25;16:30;AT7;ESPANIA;TFN;72;58;35;00:17:30
  IBB168;2022-03-09 00:00:00;GRAN CANARIA;LPA;2022-03-01;2022-03-25;16:30;AT7;ESPANIA;TFN;72;58;35;00:17:30
  IBB168;2022-03-08 00:00:00;GRAN CANARIA;LPA;2022-03-01;2022-03-25;16:30;AT7;ESPANIA;TFN;72;58;35;00:17:30
  IBB170;2022-03-13 00:00:00;GRAN CANARIA;LPA;2021-10-31;2022-03-25;17:00;AT7;ESPANIA;TFN;72;58;35;00:17:30
  IBB170;2022-03-11 00:00:00;GRAN CANARIA;LPA;2021-10-31;2022-03-25;17:00;AT7;ESPANIA;TFN;72;58;35;00:17:30
  IBB170;2022-03-09 00:00:00;GRAN CANARIA;LPA;2021-10-31;2022-03-25;17:00;AT7;ESPANIA;TFN;72;58;35;00:17:30
  IBB170;2022-03-08 00:00:00;GRAN CANARIA;LPA;2021-10-31;2022-03-25;17:00;AT7;ESPANIA;TFN;72;58;35;00:17:30
  IBB170;2022-03-12 00:00:00;GRAN CANARIA;LPA;2022-01-08;2022-03-26;17:00;AT7;ESPANIA;TFN;72;58;35;00:17:30
  IBB170;2022-03-10 00:00:00;GRAN CANARIA;LPA;2022-01-08;2022-03-26;17:00;AT7;ESPANIA;TFN;72;58;35;00:17:30
  IBB172;2022-03-13 00:00:00;GRAN CANARIA;LPA;2022-03-04;2022-03-25;17:30;AT7;ESPANIA;TFN;72;58;35;00:17:30
  IBB172;2022-03-11 00:00:00;GRAN CANARIA;LPA;2022-03-04;2022-03-25;17:30;AT7;ESPANIA;TFN;72;58;35;00:17:30
  IBB178;2022-03-13 00:00:00;GRAN CANARIA;LPA;2022-01-06;2022-03-26;18:00;AT7;ESPANIA;TFN;72;58;35;00:17:30
  IBB178;2022-03-12 00:00:00;GRAN CANARIA;LPA;2022-01-06;2022-03-26;18:00;AT7;ESPANIA;TFN;72;58;35;00:17:30
  IBB178;2022-03-10 00:00:00;GRAN CANARIA;LPA;2022-01-06;2022-03-26;18:00;AT7;ESPANIA;TFN;72;58;35;00:17:30
  IBB178;2022-03-08 00:00:00;GRAN CANARIA;LPA;2022-01-06;2022-03-26;18:00;AT7;ESPANIA;TFN;72;58;35;00:17:30
  IBB178;2022-03-07 00:00:00;GRAN CANARIA;LPA;2022-01-06;2022-03-26;18:00;AT7;ESPANIA;TFN;72;58;35;00:17:30
  CNF668;2022-03-11 00:00:00;GRAN CANARIA;LPA;2022-01-10;2022-03-25;18:55;AT7;ESPANIA;TFN;72;58;35;00:17:30
  CNF668;2022-03-09 00:00:00;GRAN CANARIA;LPA;2022-01-10;2022-03-25;18:55;AT7;ESPANIA;TFN;72;58;35;00:17:30
  CNF668;2022-03-08 00:00:00;GRAN CANARIA;LPA;2022-01-10;2022-03-25;18:55;AT7;ESPANIA;TFN;72;58;35;00:17:30
  CNF668;2022-03-07 00:00:00;GRAN CANARIA;LPA;2022-01-10;2022-03-25;18:55;AT7;ESPANIA;TFN;72;58;35;00:17:30
  CNF668;2022-03-13 00:00:00;GRAN CANARIA;LPA;2021-10-31;2022-03-26;19:00;AT7;ESPANIA;TFN;72;58;35;00:17:30
  CNF668;2022-03-12 00:00:00;GRAN CANARIA;LPA;2021-10-31;2022-03-26;19:00;AT7;ESPANIA;TFN;72;58;35;00:17:30
  CNF668;2022-03-10 00:00:00;GRAN CANARIA;LPA;2021-10-31;2022-03-26;19:00;AT7;ESPANIA;TFN;72;58;35;00:17:30
  IBB186;2022-03-13 00:00:00;GRAN CANARIA;LPA;2021-11-03;2022-03-26;19:00;AT7;ESPANIA;TFN;72;58;35;00:17:30
  IBB186;2022-03-12 00:00:00;GRAN CANARIA;LPA;2021-11-03;2022-03-26;19:00;AT7;ESPANIA;TFN;72;58;35;00:17:30
  IBB186;2022-03-10 00:00:00;GRAN CANARIA;LPA;2021-11-03;2022-03-26;19:00;AT7;ESPANIA;TFN;72;58;35;00:17:30
  IBB186;2022-03-09 00:00:00;GRAN CANARIA;LPA;2021-11-03;2022-03-26;19:00;AT7;ESPANIA;TFN;72;58;35;00:17:30
  IBB186;2022-03-08 00:00:00;GRAN CANARIA;LPA;2021-12-13;2022-03-22;19:00;AT7;ESPANIA;TFN;72;58;35;00:17:30
  IBB186;2022-03-07 00:00:00;GRAN CANARIA;LPA;2021-12-13;2022-03-22;19:00;AT7;ESPANIA;TFN;72;58;35;00:17:30
  IBB188;2022-03-11 00:00:00;GRAN CANARIA;LPA;2021-11-01;2022-03-25;20:00;AT7;ESPANIA;TFN;72;58;35;00:17:30
  IBB188;2022-03-10 00:00:00;GRAN CANARIA;LPA;2021-11-01;2022-03-25;20:00;AT7;ESPANIA;TFN;72;58;35;00:17:30
  IBB188;2022-03-07 00:00:00;GRAN CANARIA;LPA;2021-11-01;2022-03-25;20:00;AT7;ESPANIA;TFN;72;58;35;00:17:30
  IBB188;2022-03-09 00:00:00;GRAN CANARIA;LPA;2022-03-01;2022-03-23;20:00;AT7;ESPANIA;TFN;72;58;35;00:17:30
  IBB188;2022-03-08 00:00:00;GRAN CANARIA;LPA;2022-03-01;2022-03-23;20:00;AT7;ESPANIA;TFN;72;58;35;00:17:30
  IBB192;2022-03-13 00:00:00;GRAN CANARIA;LPA;2022-01-08;2022-03-26;21:00;AT7;ESPANIA;TFN;72;58;35;00:17:30
  IBB192;2022-03-12 00:00:00;GRAN CANARIA;LPA;2022-01-08;2022-03-26;21:00;AT7;ESPANIA;TFN;72;58;35;00:17:30
  IBB192;2022-03-11 00:00:00;GRAN CANARIA;LPA;2022-01-08;2022-03-26;21:00;AT7;ESPANIA;TFN;72;58;35;00:17:30
  IBB192;2022-03-10 00:00:00;GRAN CANARIA;LPA;2022-01-25;2022-03-24;21:00;AT7;ESPANIA;TFN;72;58;35;00:17:30
  IBB192;2022-03-08 00:00:00;GRAN CANARIA;LPA;2022-01-25;2022-03-24;21:00;AT7;ESPANIA;TFN;72;58;35;00:17:30
  IBB190;2022-03-13 00:00:00;GRAN CANARIA;LPA;2021-10-31;2022-03-21;22:00;AT7;ESPANIA;TFN;72;58;35;00:17:30
  IBB190;2022-03-07 00:00:00;GRAN CANARIA;LPA;2021-10-31;2022-03-21;22:00;AT7;ESPANIA;TFN;72;58;35;00:17:30
  IBB190;2022-03-12 00:00:00;GRAN CANARIA;LPA;2022-01-11;2022-03-26;22:00;AT7;ESPANIA;TFN;72;58;35;00:17:30
  IBB190;2022-03-09 00:00:00;GRAN CANARIA;LPA;2022-01-11;2022-03-26;22:00;AT7;ESPANIA;TFN;72;58;35;00:17:30
  IBB190;2022-03-08 00:00:00;GRAN CANARIA;LPA;2022-01-11;2022-03-26;22:00;AT7;ESPANIA;TFN;72;58;35;00:17:30
  IBB5750;2022-03-11 00:00:00;JEREZ DE LA FRONTERA/ LA PARRA;XRY;2021-12-03;2022-03-25;15:45;295;ESPANIA;TFN;200;160;96;00:48:00
  IBB5750;2022-03-07 00:00:00;JEREZ DE LA FRONTERA/ LA PARRA;XRY;2021-12-03;2022-03-25;15:45;295;ESPANIA;TFN;200;160;96;00:48:00
  IBB651;2022-03-13 00:00:00;LA GOMERA;GMZ;2021-10-31;2022-03-26;9:30;AT7;ESPANIA;TFN;72;58;35;00:17:30
  IBB651;2022-03-12 00:00:00;LA GOMERA;GMZ;2021-10-31;2022-03-26;9:30;AT7;ESPANIA;TFN;72;58;35;00:17:30
  IBB651;2022-03-11 00:00:00;LA GOMERA;GMZ;2021-10-31;2022-03-26;9:30;AT7;ESPANIA;TFN;72;58;35;00:17:30
  IBB651;2022-03-10 00:00:00;LA GOMERA;GMZ;2021-10-31;2022-03-26;9:30;AT7;ESPANIA;TFN;72;58;35;00:17:30
  IBB651;2022-03-09 00:00:00;LA GOMERA;GMZ;2021-10-31;2022-03-26;9:30;AT7;ESPANIA;TFN;72;58;35;00:17:30
  IBB651;2022-03-08 00:00:00;LA GOMERA;GMZ;2021-10-31;2022-03-26;9:30;AT7;ESPANIA;TFN;72;58;35;00:17:30
  IBB651;2022-03-07 00:00:00;LA GOMERA;GMZ;2021-10-31;2022-03-26;9:30;AT7;ESPANIA;TFN;72;58;35;00:17:30
  IBB653;2022-03-13 00:00:00;LA GOMERA;GMZ;2021-10-31;2022-03-26;17:00;AT7;ESPANIA;TFN;72;58;35;00:17:30
  IBB653;2022-03-12 00:00:00;LA GOMERA;GMZ;2021-10-31;2022-03-26;17:00;AT7;ESPANIA;TFN;72;58;35;00:17:30
  IBB653;2022-03-11 00:00:00;LA GOMERA;GMZ;2021-10-31;2022-03-26;17:00;AT7;ESPANIA;TFN;72;58;35;00:17:30
  IBB653;2022-03-10 00:00:00;LA GOMERA;GMZ;2021-10-31;2022-03-26;17:00;AT7;ESPANIA;TFN;72;58;35;00:17:30
  IBB653;2022-03-09 00:00:00;LA GOMERA;GMZ;2021-10-31;2022-03-26;17:00;AT7;ESPANIA;TFN;72;58;35;00:17:30
  IBB653;2022-03-08 00:00:00;LA GOMERA;GMZ;2021-10-31;2022-03-26;17:00;AT7;ESPANIA;TFN;72;58;35;00:17:30
  IBB653;2022-03-07 00:00:00;LA GOMERA;GMZ;2021-10-31;2022-03-26;17:00;AT7;ESPANIA;TFN;72;58;35;00:17:30
  IBB605;2022-03-13 00:00:00;LA PALMA /STA.CRUZ DE LA PALMA;SPC;2021-10-31;2022-03-26;7:30;AT7;ESPANIA;TFN;72;58;35;00:17:30
  IBB605;2022-03-12 00:00:00;LA PALMA /STA.CRUZ DE LA PALMA;SPC;2021-10-31;2022-03-26;7:30;AT7;ESPANIA;TFN;72;58;35;00:17:30
  IBB605;2022-03-11 00:00:00;LA PALMA /STA.CRUZ DE LA PALMA;SPC;2021-10-31;2022-03-26;7:30;AT7;ESPANIA;TFN;72;58;35;00:17:30
  IBB605;2022-03-10 00:00:00;LA PALMA /STA.CRUZ DE LA PALMA;SPC;2021-10-31;2022-03-26;7:30;AT7;ESPANIA;TFN;72;58;35;00:17:30
  IBB605;2022-03-09 00:00:00;LA PALMA /STA.CRUZ DE LA PALMA;SPC;2021-10-31;2022-03-26;7:30;AT7;ESPANIA;TFN;72;58;35;00:17:30
  IBB605;2022-03-08 00:00:00;LA PALMA /STA.CRUZ DE LA PALMA;SPC;2021-10-31;2022-03-26;7:30;AT7;ESPANIA;TFN;72;58;35;00:17:30
  IBB605;2022-03-07 00:00:00;LA PALMA /STA.CRUZ DE LA PALMA;SPC;2021-10-31;2022-03-26;7:30;AT7;ESPANIA;TFN;72;58;35;00:17:30
  CNF412;2022-03-13 00:00:00;LA PALMA /STA.CRUZ DE LA PALMA;SPC;2022-01-03;2022-03-26;7:45;AT7;ESPANIA;TFN;72;58;35;00:17:30
  CNF412;2022-03-12 00:00:00;LA PALMA /STA.CRUZ DE LA PALMA;SPC;2022-01-03;2022-03-26;7:45;AT7;ESPANIA;TFN;72;58;35;00:17:30
  CNF412;2022-03-11 00:00:00;LA PALMA /STA.CRUZ DE LA PALMA;SPC;2022-01-03;2022-03-26;7:45;AT7;ESPANIA;TFN;72;58;35;00:17:30
  CNF412;2022-03-10 00:00:00;LA PALMA /STA.CRUZ DE LA PALMA;SPC;2022-01-03;2022-03-26;7:45;AT7;ESPANIA;TFN;72;58;35;00:17:30
  CNF412;2022-03-09 00:00:00;LA PALMA /STA.CRUZ DE LA PALMA;SPC;2022-01-03;2022-03-26;7:45;AT7;ESPANIA;TFN;72;58;35;00:17:30
  CNF412;2022-03-08 00:00:00;LA PALMA /STA.CRUZ DE LA PALMA;SPC;2022-01-03;2022-03-26;7:45;AT7;ESPANIA;TFN;72;58;35;00:17:30
  CNF412;2022-03-07 00:00:00;LA PALMA /STA.CRUZ DE LA PALMA;SPC;2022-01-03;2022-03-26;7:45;AT7;ESPANIA;TFN;72;58;35;00:17:30
  IBB607;2022-03-13 00:00:00;LA PALMA /STA.CRUZ DE LA PALMA;SPC;2022-01-08;2022-03-26;8:00;AT7;ESPANIA;TFN;72;58;35;00:17:30
  IBB607;2022-03-12 00:00:00;LA PALMA /STA.CRUZ DE LA PALMA;SPC;2022-01-08;2022-03-26;8:00;AT7;ESPANIA;TFN;72;58;35;00:17:30
  IBB607;2022-03-11 00:00:00;LA PALMA /STA.CRUZ DE LA PALMA;SPC;2022-01-08;2022-03-26;8:00;AT7;ESPANIA;TFN;72;58;35;00:17:30
  IBB607;2022-03-10 00:00:00;LA PALMA /STA.CRUZ DE LA PALMA;SPC;2022-01-08;2022-03-26;8:00;AT7;ESPANIA;TFN;72;58;35;00:17:30
  IBB607;2022-03-08 00:00:00;LA PALMA /STA.CRUZ DE LA PALMA;SPC;2022-01-08;2022-03-26;8:00;AT7;ESPANIA;TFN;72;58;35;00:17:30
  IBB607;2022-03-07 00:00:00;LA PALMA /STA.CRUZ DE LA PALMA;SPC;2022-01-08;2022-03-26;8:00;AT7;ESPANIA;TFN;72;58;35;00:17:30
  IBB611;2022-03-13 00:00:00;LA PALMA /STA.CRUZ DE LA PALMA;SPC;2022-01-10;2022-03-26;9:00;AT7;ESPANIA;TFN;72;58;35;00:17:30
  IBB611;2022-03-12 00:00:00;LA PALMA /STA.CRUZ DE LA PALMA;SPC;2022-01-10;2022-03-26;9:00;AT7;ESPANIA;TFN;72;58;35;00:17:30
  IBB611;2022-03-11 00:00:00;LA PALMA /STA.CRUZ DE LA PALMA;SPC;2022-01-10;2022-03-26;9:00;AT7;ESPANIA;TFN;72;58;35;00:17:30
  IBB611;2022-03-10 00:00:00;LA PALMA /STA.CRUZ DE LA PALMA;SPC;2022-01-10;2022-03-26;9:00;AT7;ESPANIA;TFN;72;58;35;00:17:30
  IBB611;2022-03-09 00:00:00;LA PALMA /STA.CRUZ DE LA PALMA;SPC;2022-01-10;2022-03-26;9:00;AT7;ESPANIA;TFN;72;58;35;00:17:30
  IBB611;2022-03-08 00:00:00;LA PALMA /STA.CRUZ DE LA PALMA;SPC;2022-01-10;2022-03-26;9:00;AT7;ESPANIA;TFN;72;58;35;00:17:30
  IBB611;2022-03-07 00:00:00;LA PALMA /STA.CRUZ DE LA PALMA;SPC;2022-01-10;2022-03-26;9:00;AT7;ESPANIA;TFN;72;58;35;00:17:30
  CNF418;2022-03-13 00:00:00;LA PALMA /STA.CRUZ DE LA PALMA;SPC;2021-10-31;2022-03-26;9:45;AT7;ESPANIA;TFN;72;58;35;00:17:30
  CNF418;2022-03-12 00:00:00;LA PALMA /STA.CRUZ DE LA PALMA;SPC;2021-10-31;2022-03-26;9:45;AT7;ESPANIA;TFN;72;58;35;00:17:30
  CNF418;2022-03-11 00:00:00;LA PALMA /STA.CRUZ DE LA PALMA;SPC;2021-10-31;2022-03-26;9:45;AT7;ESPANIA;TFN;72;58;35;00:17:30
  CNF418;2022-03-10 00:00:00;LA PALMA /STA.CRUZ DE LA PALMA;SPC;2021-10-31;2022-03-26;9:45;AT7;ESPANIA;TFN;72;58;35;00:17:30
  CNF418;2022-03-09 00:00:00;LA PALMA /STA.CRUZ DE LA PALMA;SPC;2021-10-31;2022-03-26;9:45;AT7;ESPANIA;TFN;72;58;35;00:17:30
  CNF418;2022-03-08 00:00:00;LA PALMA /STA.CRUZ DE LA PALMA;SPC;2021-10-31;2022-03-26;9:45;AT7;ESPANIA;TFN;72;58;35;00:17:30
  CNF418;2022-03-07 00:00:00;LA PALMA /STA.CRUZ DE LA PALMA;SPC;2021-10-31;2022-03-26;9:45;AT7;ESPANIA;TFN;72;58;35;00:17:30
  IBB609;2022-03-10 00:00:00;LA PALMA /STA.CRUZ DE LA PALMA;SPC;2022-03-03;2022-03-24;10:00;AT7;ESPANIA;TFN;72;58;35;00:17:30
  IBB609;2022-03-07 00:00:00;LA PALMA /STA.CRUZ DE LA PALMA;SPC;2022-03-03;2022-03-24;10:00;AT7;ESPANIA;TFN;72;58;35;00:17:30
  IBB617;2022-03-12 00:00:00;LA PALMA /STA.CRUZ DE LA PALMA;SPC;2022-01-08;2022-03-26;11:00;AT7;ESPANIA;TFN;72;58;35;00:17:30
  IBB617;2022-03-11 00:00:00;LA PALMA /STA.CRUZ DE LA PALMA;SPC;2022-01-08;2022-03-26;11:00;AT7;ESPANIA;TFN;72;58;35;00:17:30
  IBB617;2022-03-10 00:00:00;LA PALMA /STA.CRUZ DE LA PALMA;SPC;2022-01-08;2022-03-26;11:00;AT7;ESPANIA;TFN;72;58;35;00:17:30
  IBB617;2022-03-08 00:00:00;LA PALMA /STA.CRUZ DE LA PALMA;SPC;2022-01-08;2022-03-26;11:00;AT7;ESPANIA;TFN;72;58;35;00:17:30
  IBB617;2022-03-07 00:00:00;LA PALMA /STA.CRUZ DE LA PALMA;SPC;2022-01-08;2022-03-26;11:00;AT7;ESPANIA;TFN;72;58;35;00:17:30
  IBB621;2022-03-13 00:00:00;LA PALMA /STA.CRUZ DE LA PALMA;SPC;2022-01-08;2022-03-26;13:00;AT7;ESPANIA;TFN;72;58;35;00:17:30
  IBB621;2022-03-12 00:00:00;LA PALMA /STA.CRUZ DE LA PALMA;SPC;2022-01-08;2022-03-26;13:00;AT7;ESPANIA;TFN;72;58;35;00:17:30
  IBB621;2022-03-11 00:00:00;LA PALMA /STA.CRUZ DE LA PALMA;SPC;2022-01-08;2022-03-26;13:00;AT7;ESPANIA;TFN;72;58;35;00:17:30
  IBB621;2022-03-10 00:00:00;LA PALMA /STA.CRUZ DE LA PALMA;SPC;2022-01-08;2022-03-26;13:00;AT7;ESPANIA;TFN;72;58;35;00:17:30
  IBB621;2022-03-09 00:00:00;LA PALMA /STA.CRUZ DE LA PALMA;SPC;2022-01-08;2022-03-26;13:00;AT7;ESPANIA;TFN;72;58;35;00:17:30
  IBB621;2022-03-08 00:00:00;LA PALMA /STA.CRUZ DE LA PALMA;SPC;2022-01-08;2022-03-26;13:00;AT7;ESPANIA;TFN;72;58;35;00:17:30
  IBB621;2022-03-07 00:00:00;LA PALMA /STA.CRUZ DE LA PALMA;SPC;2022-01-08;2022-03-26;13:00;AT7;ESPANIA;TFN;72;58;35;00:17:30
  IBB631;2022-03-12 00:00:00;LA PALMA /STA.CRUZ DE LA PALMA;SPC;2021-12-11;2022-03-26;15:00;AT7;ESPANIA;TFN;72;58;35;00:17:30
  IBB631;2022-03-07 00:00:00;LA PALMA /STA.CRUZ DE LA PALMA;SPC;2021-12-11;2022-03-26;15:00;AT7;ESPANIA;TFN;72;58;35;00:17:30
  IBB631;2022-03-11 00:00:00;LA PALMA /STA.CRUZ DE LA PALMA;SPC;2021-12-24;2022-03-25;15:00;AT7;ESPANIA;TFN;72;58;35;00:17:30
  IBB631;2022-03-10 00:00:00;LA PALMA /STA.CRUZ DE LA PALMA;SPC;2021-12-24;2022-03-25;15:00;AT7;ESPANIA;TFN;72;58;35;00:17:30
  IBB631;2022-03-08 00:00:00;LA PALMA /STA.CRUZ DE LA PALMA;SPC;2021-12-24;2022-03-25;15:00;AT7;ESPANIA;TFN;72;58;35;00:17:30
  IBB633;2022-03-13 00:00:00;LA PALMA /STA.CRUZ DE LA PALMA;SPC;2022-01-10;2022-03-25;16:00;AT7;ESPANIA;TFN;72;58;35;00:17:30
  IBB633;2022-03-11 00:00:00;LA PALMA /STA.CRUZ DE LA PALMA;SPC;2022-01-10;2022-03-25;16:00;AT7;ESPANIA;TFN;72;58;35;00:17:30
  IBB633;2022-03-10 00:00:00;LA PALMA /STA.CRUZ DE LA PALMA;SPC;2022-01-10;2022-03-25;16:00;AT7;ESPANIA;TFN;72;58;35;00:17:30
  IBB633;2022-03-09 00:00:00;LA PALMA /STA.CRUZ DE LA PALMA;SPC;2022-01-10;2022-03-25;16:00;AT7;ESPANIA;TFN;72;58;35;00:17:30
  IBB633;2022-03-08 00:00:00;LA PALMA /STA.CRUZ DE LA PALMA;SPC;2022-01-10;2022-03-25;16:00;AT7;ESPANIA;TFN;72;58;35;00:17:30
  IBB633;2022-03-07 00:00:00;LA PALMA /STA.CRUZ DE LA PALMA;SPC;2022-01-10;2022-03-25;16:00;AT7;ESPANIA;TFN;72;58;35;00:17:30
  IBB623;2022-03-13 00:00:00;LA PALMA /STA.CRUZ DE LA PALMA;SPC;2021-12-23;2022-03-25;17:00;AT7;ESPANIA;TFN;72;58;35;00:17:30
  IBB623;2022-03-11 00:00:00;LA PALMA /STA.CRUZ DE LA PALMA;SPC;2021-12-23;2022-03-25;17:00;AT7;ESPANIA;TFN;72;58;35;00:17:30
  IBB623;2022-03-10 00:00:00;LA PALMA /STA.CRUZ DE LA PALMA;SPC;2021-12-23;2022-03-25;17:00;AT7;ESPANIA;TFN;72;58;35;00:17:30
  IBB623;2022-03-08 00:00:00;LA PALMA /STA.CRUZ DE LA PALMA;SPC;2021-12-23;2022-03-25;17:00;AT7;ESPANIA;TFN;72;58;35;00:17:30
  IBB623;2022-03-07 00:00:00;LA PALMA /STA.CRUZ DE LA PALMA;SPC;2021-12-23;2022-03-25;17:00;AT7;ESPANIA;TFN;72;58;35;00:17:30
  CNF454;2022-03-13 00:00:00;LA PALMA /STA.CRUZ DE LA PALMA;SPC;2022-01-10;2022-03-26;17:00;AT7;ESPANIA;TFN;72;58;35;00:17:30
  CNF454;2022-03-12 00:00:00;LA PALMA /STA.CRUZ DE LA PALMA;SPC;2022-01-10;2022-03-26;17:00;AT7;ESPANIA;TFN;72;58;35;00:17:30
  CNF454;2022-03-11 00:00:00;LA PALMA /STA.CRUZ DE LA PALMA;SPC;2022-01-10;2022-03-26;17:00;AT7;ESPANIA;TFN;72;58;35;00:17:30
  CNF454;2022-03-10 00:00:00;LA PALMA /STA.CRUZ DE LA PALMA;SPC;2022-01-10;2022-03-26;17:00;AT7;ESPANIA;TFN;72;58;35;00:17:30
  CNF454;2022-03-09 00:00:00;LA PALMA /STA.CRUZ DE LA PALMA;SPC;2022-01-10;2022-03-26;17:00;AT7;ESPANIA;TFN;72;58;35;00:17:30
  CNF454;2022-03-08 00:00:00;LA PALMA /STA.CRUZ DE LA PALMA;SPC;2022-01-10;2022-03-26;17:00;AT7;ESPANIA;TFN;72;58;35;00:17:30
  CNF454;2022-03-07 00:00:00;LA PALMA /STA.CRUZ DE LA PALMA;SPC;2022-01-10;2022-03-26;17:00;AT7;ESPANIA;TFN;72;58;35;00:17:30
  IBB637;2022-03-13 00:00:00;LA PALMA /STA.CRUZ DE LA PALMA;SPC;2022-01-14;2022-03-26;18:00;AT7;ESPANIA;TFN;72;58;35;00:17:30
  IBB637;2022-03-12 00:00:00;LA PALMA /STA.CRUZ DE LA PALMA;SPC;2022-01-14;2022-03-26;18:00;AT7;ESPANIA;TFN;72;58;35;00:17:30
  IBB637;2022-03-11 00:00:00;LA PALMA /STA.CRUZ DE LA PALMA;SPC;2022-01-14;2022-03-26;18:00;AT7;ESPANIA;TFN;72;58;35;00:17:30
  IBB637;2022-03-10 00:00:00;LA PALMA /STA.CRUZ DE LA PALMA;SPC;2022-03-01;2022-03-24;18:00;AT7;ESPANIA;TFN;72;58;35;00:17:30
  IBB637;2022-03-09 00:00:00;LA PALMA /STA.CRUZ DE LA PALMA;SPC;2022-03-01;2022-03-24;18:00;AT7;ESPANIA;TFN;72;58;35;00:17:30
  IBB637;2022-03-08 00:00:00;LA PALMA /STA.CRUZ DE LA PALMA;SPC;2022-03-01;2022-03-24;18:00;AT7;ESPANIA;TFN;72;58;35;00:17:30
  IBB637;2022-03-07 00:00:00;LA PALMA /STA.CRUZ DE LA PALMA;SPC;2022-03-01;2022-03-24;18:00;AT7;ESPANIA;TFN;72;58;35;00:17:30
  IBB639;2022-03-13 00:00:00;LA PALMA /STA.CRUZ DE LA PALMA;SPC;2022-01-10;2022-03-25;19:00;AT7;ESPANIA;TFN;72;58;35;00:17:30
  IBB639;2022-03-11 00:00:00;LA PALMA /STA.CRUZ DE LA PALMA;SPC;2022-01-10;2022-03-25;19:00;AT7;ESPANIA;TFN;72;58;35;00:17:30
  IBB639;2022-03-10 00:00:00;LA PALMA /STA.CRUZ DE LA PALMA;SPC;2022-01-10;2022-03-25;19:00;AT7;ESPANIA;TFN;72;58;35;00:17:30
  IBB639;2022-03-09 00:00:00;LA PALMA /STA.CRUZ DE LA PALMA;SPC;2022-01-10;2022-03-25;19:00;AT7;ESPANIA;TFN;72;58;35;00:17:30
  IBB639;2022-03-08 00:00:00;LA PALMA /STA.CRUZ DE LA PALMA;SPC;2022-01-10;2022-03-25;19:00;AT7;ESPANIA;TFN;72;58;35;00:17:30
  IBB639;2022-03-07 00:00:00;LA PALMA /STA.CRUZ DE LA PALMA;SPC;2022-01-10;2022-03-25;19:00;AT7;ESPANIA;TFN;72;58;35;00:17:30
  CNF467;2022-03-12 00:00:00;LA PALMA /STA.CRUZ DE LA PALMA;SPC;2022-01-03;2022-03-26;19:15;AT7;ESPANIA;TFN;72;58;35;00:17:30
  CNF467;2022-03-10 00:00:00;LA PALMA /STA.CRUZ DE LA PALMA;SPC;2022-01-03;2022-03-26;19:15;AT7;ESPANIA;TFN;72;58;35;00:17:30
  CNF467;2022-03-09 00:00:00;LA PALMA /STA.CRUZ DE LA PALMA;SPC;2022-01-03;2022-03-26;19:15;AT7;ESPANIA;TFN;72;58;35;00:17:30
  CNF467;2022-03-08 00:00:00;LA PALMA /STA.CRUZ DE LA PALMA;SPC;2022-01-03;2022-03-26;19:15;AT7;ESPANIA;TFN;72;58;35;00:17:30
  CNF467;2022-03-07 00:00:00;LA PALMA /STA.CRUZ DE LA PALMA;SPC;2022-01-03;2022-03-26;19:15;AT7;ESPANIA;TFN;72;58;35;00:17:30
  CNF467;2022-03-13 00:00:00;LA PALMA /STA.CRUZ DE LA PALMA;SPC;2022-01-14;2022-03-25;19:30;AT7;ESPANIA;TFN;72;58;35;00:17:30
  CNF467;2022-03-11 00:00:00;LA PALMA /STA.CRUZ DE LA PALMA;SPC;2022-01-14;2022-03-25;19:30;AT7;ESPANIA;TFN;72;58;35;00:17:30
  IBB641;2022-03-13 00:00:00;LA PALMA /STA.CRUZ DE LA PALMA;SPC;2022-01-14;2022-03-25;20:00;AT7;ESPANIA;TFN;72;58;35;00:17:30
  IBB641;2022-03-11 00:00:00;LA PALMA /STA.CRUZ DE LA PALMA;SPC;2022-01-14;2022-03-25;20:00;AT7;ESPANIA;TFN;72;58;35;00:17:30
  IBB627;2022-03-11 00:00:00;LA PALMA /STA.CRUZ DE LA PALMA;SPC;2022-01-07;2022-03-25;20:10;AT7;ESPANIA;TFN;72;58;35;00:17:30
  IBB627;2022-03-10 00:00:00;LA PALMA /STA.CRUZ DE LA PALMA;SPC;2022-01-07;2022-03-25;20:10;AT7;ESPANIA;TFN;72;58;35;00:17:30
  IBB627;2022-03-09 00:00:00;LA PALMA /STA.CRUZ DE LA PALMA;SPC;2022-01-07;2022-03-25;20:10;AT7;ESPANIA;TFN;72;58;35;00:17:30
  IBB627;2022-03-08 00:00:00;LA PALMA /STA.CRUZ DE LA PALMA;SPC;2022-01-07;2022-03-25;20:10;AT7;ESPANIA;TFN;72;58;35;00:17:30
  IBB627;2022-03-07 00:00:00;LA PALMA /STA.CRUZ DE LA PALMA;SPC;2022-01-07;2022-03-25;20:10;AT7;ESPANIA;TFN;72;58;35;00:17:30
  IBB452;2022-03-12 00:00:00;LANZAROTE CÉSAR MANRIQUE;ACE;2021-11-01;2022-03-26;7:00;AT7;ESPANIA;TFN;72;58;35;00:17:30
  IBB452;2022-03-11 00:00:00;LANZAROTE CÉSAR MANRIQUE;ACE;2021-11-01;2022-03-26;7:00;AT7;ESPANIA;TFN;72;58;35;00:17:30
  IBB452;2022-03-10 00:00:00;LANZAROTE CÉSAR MANRIQUE;ACE;2021-11-01;2022-03-26;7:00;AT7;ESPANIA;TFN;72;58;35;00:17:30
  IBB452;2022-03-09 00:00:00;LANZAROTE CÉSAR MANRIQUE;ACE;2021-11-01;2022-03-26;7:00;AT7;ESPANIA;TFN;72;58;35;00:17:30
  IBB452;2022-03-08 00:00:00;LANZAROTE CÉSAR MANRIQUE;ACE;2021-11-01;2022-03-26;7:00;AT7;ESPANIA;TFN;72;58;35;00:17:30
  IBB452;2022-03-07 00:00:00;LANZAROTE CÉSAR MANRIQUE;ACE;2021-11-01;2022-03-26;7:00;AT7;ESPANIA;TFN;72;58;35;00:17:30
  IBB458;2022-03-13 00:00:00;LANZAROTE CÉSAR MANRIQUE;ACE;2022-03-02;2022-03-26;8:20;AT7;ESPANIA;TFN;72;58;35;00:17:30
  IBB458;2022-03-12 00:00:00;LANZAROTE CÉSAR MANRIQUE;ACE;2022-03-02;2022-03-26;8:20;AT7;ESPANIA;TFN;72;58;35;00:17:30
  IBB458;2022-03-11 00:00:00;LANZAROTE CÉSAR MANRIQUE;ACE;2022-03-02;2022-03-26;8:20;AT7;ESPANIA;TFN;72;58;35;00:17:30
  IBB458;2022-03-10 00:00:00;LANZAROTE CÉSAR MANRIQUE;ACE;2022-03-02;2022-03-26;8:20;AT7;ESPANIA;TFN;72;58;35;00:17:30
  IBB458;2022-03-09 00:00:00;LANZAROTE CÉSAR MANRIQUE;ACE;2022-03-02;2022-03-26;8:20;AT7;ESPANIA;TFN;72;58;35;00:17:30
  IBB458;2022-03-08 00:00:00;LANZAROTE CÉSAR MANRIQUE;ACE;2022-03-02;2022-03-26;8:20;AT7;ESPANIA;TFN;72;58;35;00:17:30
  IBB458;2022-03-07 00:00:00;LANZAROTE CÉSAR MANRIQUE;ACE;2022-03-02;2022-03-26;8:20;AT7;ESPANIA;TFN;72;58;35;00:17:30
  IBB468;2022-03-13 00:00:00;LANZAROTE CÉSAR MANRIQUE;ACE;2021-10-31;2022-03-25;10:00;AT7;ESPANIA;TFN;72;58;35;00:17:30
  IBB468;2022-03-11 00:00:00;LANZAROTE CÉSAR MANRIQUE;ACE;2021-10-31;2022-03-25;10:00;AT7;ESPANIA;TFN;72;58;35;00:17:30
  IBB468;2022-03-09 00:00:00;LANZAROTE CÉSAR MANRIQUE;ACE;2021-10-31;2022-03-25;10:00;AT7;ESPANIA;TFN;72;58;35;00:17:30
  IBB468;2022-03-08 00:00:00;LANZAROTE CÉSAR MANRIQUE;ACE;2021-10-31;2022-03-25;10:00;AT7;ESPANIA;TFN;72;58;35;00:17:30
  IBB468;2022-03-07 00:00:00;LANZAROTE CÉSAR MANRIQUE;ACE;2021-10-31;2022-03-25;10:00;AT7;ESPANIA;TFN;72;58;35;00:17:30
  IBB468;2022-03-12 00:00:00;LANZAROTE CÉSAR MANRIQUE;ACE;2022-01-08;2022-03-26;10:00;AT7;ESPANIA;TFN;72;58;35;00:17:30
  IBB468;2022-03-10 00:00:00;LANZAROTE CÉSAR MANRIQUE;ACE;2022-01-08;2022-03-26;10:00;AT7;ESPANIA;TFN;72;58;35;00:17:30
  CNF546;2022-03-12 00:00:00;LANZAROTE CÉSAR MANRIQUE;ACE;2022-01-10;2022-03-26;11:45;AT7;ESPANIA;TFN;72;58;35;00:17:30
  CNF546;2022-03-10 00:00:00;LANZAROTE CÉSAR MANRIQUE;ACE;2022-01-10;2022-03-26;11:45;AT7;ESPANIA;TFN;72;58;35;00:17:30
  CNF546;2022-03-09 00:00:00;LANZAROTE CÉSAR MANRIQUE;ACE;2022-01-10;2022-03-26;11:45;AT7;ESPANIA;TFN;72;58;35;00:17:30
  CNF546;2022-03-08 00:00:00;LANZAROTE CÉSAR MANRIQUE;ACE;2022-01-10;2022-03-26;11:45;AT7;ESPANIA;TFN;72;58;35;00:17:30
  CNF546;2022-03-07 00:00:00;LANZAROTE CÉSAR MANRIQUE;ACE;2022-01-10;2022-03-26;11:45;AT7;ESPANIA;TFN;72;58;35;00:17:30
  IBB470;2022-03-13 00:00:00;LANZAROTE CÉSAR MANRIQUE;ACE;2021-10-31;2022-03-26;14:00;AT7;ESPANIA;TFN;72;58;35;00:17:30
  IBB470;2022-03-12 00:00:00;LANZAROTE CÉSAR MANRIQUE;ACE;2021-10-31;2022-03-26;14:00;AT7;ESPANIA;TFN;72;58;35;00:17:30
  IBB470;2022-03-10 00:00:00;LANZAROTE CÉSAR MANRIQUE;ACE;2021-10-31;2022-03-26;14:00;AT7;ESPANIA;TFN;72;58;35;00:17:30
  IBB470;2022-03-09 00:00:00;LANZAROTE CÉSAR MANRIQUE;ACE;2021-10-31;2022-03-26;14:00;AT7;ESPANIA;TFN;72;58;35;00:17:30
  IBB470;2022-03-08 00:00:00;LANZAROTE CÉSAR MANRIQUE;ACE;2021-10-31;2022-03-26;14:00;AT7;ESPANIA;TFN;72;58;35;00:17:30
  IBB470;2022-03-07 00:00:00;LANZAROTE CÉSAR MANRIQUE;ACE;2021-10-31;2022-03-26;14:00;AT7;ESPANIA;TFN;72;58;35;00:17:30
  CNF546;2022-03-13 00:00:00;LANZAROTE CÉSAR MANRIQUE;ACE;2022-02-13;2022-03-25;14:05;AT7;ESPANIA;TFN;72;58;35;00:17:30
  CNF546;2022-03-11 00:00:00;LANZAROTE CÉSAR MANRIQUE;ACE;2022-02-13;2022-03-25;14:05;AT7;ESPANIA;TFN;72;58;35;00:17:30
  IBB474;2022-03-13 00:00:00;LANZAROTE CÉSAR MANRIQUE;ACE;2021-10-31;2022-03-25;16:50;AT7;ESPANIA;TFN;72;58;35;00:17:30
  IBB474;2022-03-11 00:00:00;LANZAROTE CÉSAR MANRIQUE;ACE;2021-10-31;2022-03-25;16:50;AT7;ESPANIA;TFN;72;58;35;00:17:30
  IBB474;2022-03-08 00:00:00;LANZAROTE CÉSAR MANRIQUE;ACE;2021-10-31;2022-03-25;16:50;AT7;ESPANIA;TFN;72;58;35;00:17:30
  IBB474;2022-03-07 00:00:00;LANZAROTE CÉSAR MANRIQUE;ACE;2021-10-31;2022-03-25;16:50;AT7;ESPANIA;TFN;72;58;35;00:17:30
  IBB474;2022-03-12 00:00:00;LANZAROTE CÉSAR MANRIQUE;ACE;2022-01-08;2022-03-26;16:50;AT7;ESPANIA;TFN;72;58;35;00:17:30
  IBB474;2022-03-10 00:00:00;LANZAROTE CÉSAR MANRIQUE;ACE;2022-01-08;2022-03-26;16:50;AT7;ESPANIA;TFN;72;58;35;00:17:30
  IBB456;2022-03-13 00:00:00;LANZAROTE CÉSAR MANRIQUE;ACE;2022-01-14;2022-03-25;18:00;AT7;ESPANIA;TFN;72;58;35;00:17:30
  IBB456;2022-03-11 00:00:00;LANZAROTE CÉSAR MANRIQUE;ACE;2022-01-14;2022-03-25;18:00;AT7;ESPANIA;TFN;72;58;35;00:17:30
  IBB484;2022-03-12 00:00:00;LANZAROTE CÉSAR MANRIQUE;ACE;2021-11-01;2022-03-26;19:30;AT7;ESPANIA;TFN;72;58;35;00:17:30
  IBB484;2022-03-11 00:00:00;LANZAROTE CÉSAR MANRIQUE;ACE;2021-11-01;2022-03-26;19:30;AT7;ESPANIA;TFN;72;58;35;00:17:30
  IBB484;2022-03-10 00:00:00;LANZAROTE CÉSAR MANRIQUE;ACE;2021-11-01;2022-03-26;19:30;AT7;ESPANIA;TFN;72;58;35;00:17:30
  IBB484;2022-03-09 00:00:00;LANZAROTE CÉSAR MANRIQUE;ACE;2021-11-01;2022-03-26;19:30;AT7;ESPANIA;TFN;72;58;35;00:17:30
  IBB484;2022-03-08 00:00:00;LANZAROTE CÉSAR MANRIQUE;ACE;2021-11-01;2022-03-26;19:30;AT7;ESPANIA;TFN;72;58;35;00:17:30
  IBB484;2022-03-07 00:00:00;LANZAROTE CÉSAR MANRIQUE;ACE;2021-11-01;2022-03-26;19:30;AT7;ESPANIA;TFN;72;58;35;00:17:30
  IBB488;2022-03-13 00:00:00;LANZAROTE CÉSAR MANRIQUE;ACE;2022-03-01;2022-03-26;22:00;AT7;ESPANIA;TFN;72;58;35;00:17:30
  IBB488;2022-03-12 00:00:00;LANZAROTE CÉSAR MANRIQUE;ACE;2022-03-01;2022-03-26;22:00;AT7;ESPANIA;TFN;72;58;35;00:17:30
  IBB488;2022-03-11 00:00:00;LANZAROTE CÉSAR MANRIQUE;ACE;2022-03-01;2022-03-26;22:00;AT7;ESPANIA;TFN;72;58;35;00:17:30
  IBB488;2022-03-10 00:00:00;LANZAROTE CÉSAR MANRIQUE;ACE;2022-03-01;2022-03-26;22:00;AT7;ESPANIA;TFN;72;58;35;00:17:30
  IBB488;2022-03-09 00:00:00;LANZAROTE CÉSAR MANRIQUE;ACE;2022-03-01;2022-03-26;22:00;AT7;ESPANIA;TFN;72;58;35;00:17:30
  IBB488;2022-03-08 00:00:00;LANZAROTE CÉSAR MANRIQUE;ACE;2022-03-01;2022-03-26;22:00;AT7;ESPANIA;TFN;72;58;35;00:17:30
  IBB488;2022-03-07 00:00:00;LANZAROTE CÉSAR MANRIQUE;ACE;2022-03-01;2022-03-26;22:00;AT7;ESPANIA;TFN;72;58;35;00:17:30
  IBE3945;2022-03-12 00:00:00;MADRID-BARAJAS ADOLFO SUÁREZ;MAD;2021-11-01;2022-03-26;7:00;321;ESPANIA;TFN;200;160;96;00:48:00
  IBE3945;2022-03-11 00:00:00;MADRID-BARAJAS ADOLFO SUÁREZ;MAD;2021-11-01;2022-03-26;7:00;321;ESPANIA;TFN;200;160;96;00:48:00
  IBE3945;2022-03-10 00:00:00;MADRID-BARAJAS ADOLFO SUÁREZ;MAD;2021-11-01;2022-03-26;7:00;321;ESPANIA;TFN;200;160;96;00:48:00
  IBE3945;2022-03-09 00:00:00;MADRID-BARAJAS ADOLFO SUÁREZ;MAD;2021-11-01;2022-03-26;7:00;321;ESPANIA;TFN;200;160;96;00:48:00
  IBE3945;2022-03-07 00:00:00;MADRID-BARAJAS ADOLFO SUÁREZ;MAD;2021-11-01;2022-03-26;7:00;321;ESPANIA;TFN;200;160;96;00:48:00
  AEA9045;2022-03-10 00:00:00;MADRID-BARAJAS ADOLFO SUÁREZ;MAD;2021-11-01;2022-03-24;7:10;73H;ESPANIA;TFN;189;152;92;00:46:00
  AEA9045;2022-03-09 00:00:00;MADRID-BARAJAS ADOLFO SUÁREZ;MAD;2021-11-01;2022-03-24;7:10;73H;ESPANIA;TFN;189;152;92;00:46:00
  AEA9045;2022-03-08 00:00:00;MADRID-BARAJAS ADOLFO SUÁREZ;MAD;2021-11-01;2022-03-24;7:10;73H;ESPANIA;TFN;189;152;92;00:46:00
  AEA9045;2022-03-07 00:00:00;MADRID-BARAJAS ADOLFO SUÁREZ;MAD;2021-11-01;2022-03-24;7:10;73H;ESPANIA;TFN;189;152;92;00:46:00
  AEA9045;2022-03-12 00:00:00;MADRID-BARAJAS ADOLFO SUÁREZ;MAD;2022-01-07;2022-03-26;7:10;73H;ESPANIA;TFN;189;152;92;00:46:00
  AEA9045;2022-03-11 00:00:00;MADRID-BARAJAS ADOLFO SUÁREZ;MAD;2022-01-07;2022-03-26;7:10;73H;ESPANIA;TFN;189;152;92;00:46:00
  AEA9047;2022-03-12 00:00:00;MADRID-BARAJAS ADOLFO SUÁREZ;MAD;2022-02-25;2022-03-25;10:00;788;ESPANIA;TFN;200;160;96;00:48:00
  AEA9047;2022-03-11 00:00:00;MADRID-BARAJAS ADOLFO SUÁREZ;MAD;2022-02-25;2022-03-25;10:00;788;ESPANIA;TFN;200;160;96;00:48:00
  AEA9047;2022-03-08 00:00:00;MADRID-BARAJAS ADOLFO SUÁREZ;MAD;2022-02-25;2022-03-25;10:00;788;ESPANIA;TFN;200;160;96;00:48:00
  AEA9047;2022-03-13 00:00:00;MADRID-BARAJAS ADOLFO SUÁREZ;MAD;2022-03-02;2022-03-13;10:00;788;ESPANIA;TFN;200;160;96;00:48:00
  AEA9047;2022-03-09 00:00:00;MADRID-BARAJAS ADOLFO SUÁREZ;MAD;2022-03-02;2022-03-13;10:00;788;ESPANIA;TFN;200;160;96;00:48:00
  AEA9047;2022-03-10 00:00:00;MADRID-BARAJAS ADOLFO SUÁREZ;MAD;2022-02-28;2022-03-10;10:10;73H;ESPANIA;TFN;189;152;92;00:46:00
  AEA9047;2022-03-07 00:00:00;MADRID-BARAJAS ADOLFO SUÁREZ;MAD;2022-02-28;2022-03-10;10:10;73H;ESPANIA;TFN;189;152;92;00:46:00
  IBE3943;2022-03-13 00:00:00;MADRID-BARAJAS ADOLFO SUÁREZ;MAD;2022-01-11;2022-03-26;11:15;321;ESPANIA;TFN;200;160;96;00:48:00
  IBE3943;2022-03-12 00:00:00;MADRID-BARAJAS ADOLFO SUÁREZ;MAD;2022-01-11;2022-03-26;11:15;321;ESPANIA;TFN;200;160;96;00:48:00
  IBE3943;2022-03-11 00:00:00;MADRID-BARAJAS ADOLFO SUÁREZ;MAD;2022-01-11;2022-03-26;11:15;321;ESPANIA;TFN;200;160;96;00:48:00
  IBE3943;2022-03-08 00:00:00;MADRID-BARAJAS ADOLFO SUÁREZ;MAD;2022-01-11;2022-03-26;11:15;321;ESPANIA;TFN;200;160;96;00:48:00
  IBE3943;2022-03-07 00:00:00;MADRID-BARAJAS ADOLFO SUÁREZ;MAD;2022-01-11;2022-03-26;11:15;321;ESPANIA;TFN;200;160;96;00:48:00
  IBE3937;2022-03-13 00:00:00;MADRID-BARAJAS ADOLFO SUÁREZ;MAD;2022-03-01;2022-03-20;14:20;321;ESPANIA;TFN;200;160;96;00:48:00
  IBE3937;2022-03-12 00:00:00;MADRID-BARAJAS ADOLFO SUÁREZ;MAD;2022-03-01;2022-03-20;14:20;321;ESPANIA;TFN;200;160;96;00:48:00
  IBE3937;2022-03-11 00:00:00;MADRID-BARAJAS ADOLFO SUÁREZ;MAD;2022-03-01;2022-03-20;14:20;321;ESPANIA;TFN;200;160;96;00:48:00
  IBE3937;2022-03-10 00:00:00;MADRID-BARAJAS ADOLFO SUÁREZ;MAD;2022-03-01;2022-03-20;14:20;321;ESPANIA;TFN;200;160;96;00:48:00
  IBE3937;2022-03-08 00:00:00;MADRID-BARAJAS ADOLFO SUÁREZ;MAD;2022-03-01;2022-03-20;14:20;321;ESPANIA;TFN;200;160;96;00:48:00
  IBE3937;2022-03-07 00:00:00;MADRID-BARAJAS ADOLFO SUÁREZ;MAD;2022-03-01;2022-03-20;14:20;321;ESPANIA;TFN;200;160;96;00:48:00
  AEA9049;2022-03-11 00:00:00;MADRID-BARAJAS ADOLFO SUÁREZ;MAD;2022-03-01;2022-03-25;14:25;73H;ESPANIA;TFN;189;152;92;00:46:00
  AEA9049;2022-03-08 00:00:00;MADRID-BARAJAS ADOLFO SUÁREZ;MAD;2022-03-01;2022-03-25;14:25;73H;ESPANIA;TFN;189;152;92;00:46:00
  AEA9049;2022-03-07 00:00:00;MADRID-BARAJAS ADOLFO SUÁREZ;MAD;2022-03-01;2022-03-25;14:25;73H;ESPANIA;TFN;189;152;92;00:46:00
  IBE3957;2022-03-13 00:00:00;MADRID-BARAJAS ADOLFO SUÁREZ;MAD;2022-03-11;2022-03-20;17:30;320;ESPANIA;TFN;180;144;87;00:43:30
  IBE3957;2022-03-11 00:00:00;MADRID-BARAJAS ADOLFO SUÁREZ;MAD;2022-03-11;2022-03-20;17:30;320;ESPANIA;TFN;180;144;87;00:43:30
  AEA9117;2022-03-12 00:00:00;MADRID-BARAJAS ADOLFO SUÁREZ;MAD;2022-02-25;2022-03-26;17:55;789;ESPANIA;TFN;200;160;96;00:48:00
  AEA9117;2022-03-11 00:00:00;MADRID-BARAJAS ADOLFO SUÁREZ;MAD;2022-02-25;2022-03-26;17:55;789;ESPANIA;TFN;200;160;96;00:48:00
  AEA9117;2022-03-10 00:00:00;MADRID-BARAJAS ADOLFO SUÁREZ;MAD;2022-02-25;2022-03-26;17:55;789;ESPANIA;TFN;200;160;96;00:48:00
  AEA9117;2022-03-09 00:00:00;MADRID-BARAJAS ADOLFO SUÁREZ;MAD;2022-02-25;2022-03-26;17:55;789;ESPANIA;TFN;200;160;96;00:48:00
  AEA9117;2022-03-08 00:00:00;MADRID-BARAJAS ADOLFO SUÁREZ;MAD;2022-02-25;2022-03-26;17:55;789;ESPANIA;TFN;200;160;96;00:48:00
  AEA9117;2022-03-07 00:00:00;MADRID-BARAJAS ADOLFO SUÁREZ;MAD;2022-02-25;2022-03-26;17:55;789;ESPANIA;TFN;200;160;96;00:48:00
  IBE3939;2022-03-13 00:00:00;MADRID-BARAJAS ADOLFO SUÁREZ;MAD;2022-01-12;2022-03-26;19:05;320;ESPANIA;TFN;180;144;87;00:43:30
  IBE3939;2022-03-12 00:00:00;MADRID-BARAJAS ADOLFO SUÁREZ;MAD;2022-01-12;2022-03-26;19:05;320;ESPANIA;TFN;180;144;87;00:43:30
  IBE3939;2022-03-11 00:00:00;MADRID-BARAJAS ADOLFO SUÁREZ;MAD;2022-01-12;2022-03-26;19:05;320;ESPANIA;TFN;180;144;87;00:43:30
  IBE3939;2022-03-10 00:00:00;MADRID-BARAJAS ADOLFO SUÁREZ;MAD;2022-01-12;2022-03-26;19:05;320;ESPANIA;TFN;180;144;87;00:43:30
  IBE3939;2022-03-09 00:00:00;MADRID-BARAJAS ADOLFO SUÁREZ;MAD;2022-01-12;2022-03-26;19:05;320;ESPANIA;TFN;180;144;87;00:43:30
  IBE3939;2022-03-07 00:00:00;MADRID-BARAJAS ADOLFO SUÁREZ;MAD;2022-01-12;2022-03-26;19:05;320;ESPANIA;TFN;180;144;87;00:43:30
  VLG3277;2022-03-08 00:00:00;MALAGA-COSTA DEL SOL;AGP;2022-02-01;2022-03-22;15:15;320;ESPANIA;TFN;180;144;87;00:43:30
  VLG3277;2022-03-07 00:00:00;MALAGA-COSTA DEL SOL;AGP;2022-02-01;2022-03-22;15:15;320;ESPANIA;TFN;180;144;87;00:43:30
  VLG3257;2022-03-08 00:00:00;SEVILLA;SVQ;2021-12-20;2022-03-22;8:45;320;ESPANIA;TFN;180;144;87;00:43:30
  VLG3257;2022-03-07 00:00:00;SEVILLA;SVQ;2021-12-20;2022-03-22;8:45;320;ESPANIA;TFN;180;144;87;00:43:30
  VLG3257;2022-03-13 00:00:00;SEVILLA;SVQ;2022-02-27;2022-03-24;8:45;320;ESPANIA;TFN;180;144;87;00:43:30
  VLG3257;2022-03-10 00:00:00;SEVILLA;SVQ;2022-02-27;2022-03-24;8:45;320;ESPANIA;TFN;180;144;87;00:43:30
  VLG3255;2022-03-12 00:00:00;SEVILLA;SVQ;2022-03-05;2022-03-26;14:15;320;ESPANIA;TFN;180;144;87;00:43:30
  VLG3255;2022-03-07 00:00:00;SEVILLA;SVQ;2022-03-05;2022-03-26;14:15;320;ESPANIA;TFN;180;144;87;00:43:30
  IBB5550;2022-03-13 00:00:00;ZARAGOZA;ZAZ;2021-12-03;2022-03-25;8:15;295;ESPANIA;TFN;200;160;96;00:48:00
  IBB5550;2022-03-11 00:00:00;ZARAGOZA;ZAZ;2021-12-03;2022-03-25;8:15;295;ESPANIA;TFN;200;160;96;00:48:00
